"table","logical_entities","field","data_type","nullable","default","primary_key","foreign_reference","access","description"
"ai_conversations","ai_conversations","id","varchar(64)","false","","true","","Authorized module and organization scope",""
"ai_conversations","ai_conversations","organization_id","varchar(64)","true","","false","organizations.id","Authorized module and organization scope",""
"ai_conversations","ai_conversations","user_id","varchar(64)","false","","false","users.id","Authorized module and organization scope",""
"ai_conversations","ai_conversations","title","varchar(180)","false","","false","","Authorized module and organization scope",""
"ai_conversations","ai_conversations","created_at","varchar(30)","false","","false","","Authorized module and organization scope","UTC timestamp"
"ai_conversations","ai_conversations","updated_at","varchar(30)","false","","false","","Authorized module and organization scope","UTC timestamp"
"ai_messages","ai_messages","id","varchar(64)","false","","true","","Authorized module and organization scope",""
"ai_messages","ai_messages","conversation_id","varchar(64)","false","","false","ai_conversations.id","Authorized module and organization scope",""
"ai_messages","ai_messages","role","varchar(20)","false","","false","","Authorized module and organization scope",""
"ai_messages","ai_messages","content","TEXT","false","","false","","Authorized module and organization scope",""
"ai_messages","ai_messages","sources","TEXT","false","'[]'","false","","Authorized module and organization scope",""
"ai_messages","ai_messages","structured","TEXT","false","'{}'","false","","Authorized module and organization scope",""
"ai_messages","ai_messages","model","varchar(100)","true","","false","","Authorized module and organization scope",""
"ai_messages","ai_messages","input_tokens","INTEGER","false","'0'","false","","Authorized module and organization scope",""
"ai_messages","ai_messages","output_tokens","INTEGER","false","'0'","false","","Authorized module and organization scope",""
"ai_messages","ai_messages","created_at","varchar(30)","false","","false","","Authorized module and organization scope","UTC timestamp"
"ai_messages","ai_messages","cache_key","varchar(64)","true","","false","","Authorized module and organization scope",""
"ai_requests","ai_requests","id","varchar(64)","false","","true","","Authorized module and organization scope",""
"ai_requests","ai_requests","organization_id","varchar(64)","true","","false","organizations.id","Authorized module and organization scope",""
"ai_requests","ai_requests","user_id","varchar(64)","false","","false","users.id","Authorized module and organization scope",""
"ai_requests","ai_requests","purpose","varchar(40)","false","","false","","Authorized module and organization scope",""
"ai_requests","ai_requests","status","varchar(30)","false","","false","","Authorized module and organization scope",""
"ai_requests","ai_requests","model","varchar(100)","false","","false","","Authorized module and organization scope",""
"ai_requests","ai_requests","created_at","varchar(30)","false","","false","","Authorized module and organization scope","UTC timestamp"
"ai_requests","ai_requests","completed_at","varchar(30)","true","","false","","Authorized module and organization scope","UTC timestamp"
"approval_decisions","approval_decisions","id","varchar(64)","false","","true","","Authorized module and organization scope",""
"approval_decisions","approval_decisions","request_id","varchar(64)","false","","false","approval_requests.id","Authorized module and organization scope",""
"approval_decisions","approval_decisions","step","INTEGER","false","","false","","Authorized module and organization scope",""
"approval_decisions","approval_decisions","user_id","varchar(64)","false","","false","users.id","Authorized module and organization scope",""
"approval_decisions","approval_decisions","remarks","TEXT","false","","false","","Authorized module and organization scope",""
"approval_decisions","approval_decisions","created_at","varchar(30)","false","","false","","Authorized module and organization scope","UTC timestamp"
"approval_policies","approval_policies","id","varchar(64)","false","","true","","Authorized module and organization scope",""
"approval_policies","approval_policies","organization_id","varchar(64)","true","","false","organizations.id","Authorized module and organization scope",""
"approval_policies","approval_policies","name","varchar(180)","false","","false","","Authorized module and organization scope",""
"approval_policies","approval_policies","kind","varchar(40)","false","","false","","Authorized module and organization scope",""
"approval_policies","approval_policies","currency","varchar(3)","false","","false","","Authorized module and organization scope",""
"approval_policies","approval_policies","minimum_minor","bigint","false","'0'","false","","Authorized module and organization scope",""
"approval_policies","approval_policies","steps","TEXT","false","","false","","Authorized module and organization scope",""
"approval_policies","approval_policies","enabled","boolean","false","'1'","false","","Authorized module and organization scope",""
"approval_policies","approval_policies","created_at","varchar(30)","false","","false","","Authorized module and organization scope","UTC timestamp"
"approval_policies","approval_policies","updated_at","varchar(30)","false","","false","","Authorized module and organization scope","UTC timestamp"
"approval_requests","approval_requests","id","varchar(64)","false","","true","","Authorized module and organization scope",""
"approval_requests","approval_requests","record_id","varchar(64)","false","","false","records.id","Authorized module and organization scope",""
"approval_requests","approval_requests","policy_id","varchar(64)","false","","false","approval_policies.id","Authorized module and organization scope",""
"approval_requests","approval_requests","cycle","INTEGER","false","","false","","Authorized module and organization scope",""
"approval_requests","approval_requests","steps","TEXT","false","","false","","Authorized module and organization scope",""
"approval_requests","approval_requests","status","varchar(30)","false","","false","","Authorized module and organization scope",""
"approval_requests","approval_requests","requested_by","varchar(64)","false","","false","users.id","Authorized module and organization scope",""
"approval_requests","approval_requests","created_at","varchar(30)","false","","false","","Authorized module and organization scope","UTC timestamp"
"approval_requests","approval_requests","updated_at","varchar(30)","false","","false","","Authorized module and organization scope","UTC timestamp"
"audit_logs","AuditLog; VerificationCase; ApprovalHistory","id","varchar(64)","false","","true","","Authorized module and organization scope",""
"audit_logs","AuditLog; VerificationCase; ApprovalHistory","user_id","varchar(64)","true","","false","users.id","Authorized module and organization scope",""
"audit_logs","AuditLog; VerificationCase; ApprovalHistory","organization_id","varchar(64)","true","","false","organizations.id","Authorized module and organization scope",""
"audit_logs","AuditLog; VerificationCase; ApprovalHistory","actor_name","varchar(255)","false","","false","","Authorized module and organization scope",""
"audit_logs","AuditLog; VerificationCase; ApprovalHistory","role","varchar(50)","false","","false","","Authorized module and organization scope",""
"audit_logs","AuditLog; VerificationCase; ApprovalHistory","action","varchar(80)","false","","false","","Authorized module and organization scope",""
"audit_logs","AuditLog; VerificationCase; ApprovalHistory","module","varchar(50)","false","","false","","Authorized module and organization scope",""
"audit_logs","AuditLog; VerificationCase; ApprovalHistory","record_id","varchar(64)","true","","false","","Authorized module and organization scope",""
"audit_logs","AuditLog; VerificationCase; ApprovalHistory","record_number","varchar(255)","true","","false","","Authorized module and organization scope",""
"audit_logs","AuditLog; VerificationCase; ApprovalHistory","previous_status","varchar(50)","true","","false","","Authorized module and organization scope",""
"audit_logs","AuditLog; VerificationCase; ApprovalHistory","new_status","varchar(50)","true","","false","","Authorized module and organization scope",""
"audit_logs","AuditLog; VerificationCase; ApprovalHistory","remarks","TEXT","false","''","false","","Authorized module and organization scope",""
"audit_logs","AuditLog; VerificationCase; ApprovalHistory","created_at","varchar(30)","false","","false","","Authorized module and organization scope","UTC timestamp"
"auth_attempts","auth_attempts","key","varchar(64)","false","","true","","Authorized module and organization scope",""
"auth_attempts","auth_attempts","attempts","INTEGER","false","'0'","false","","Authorized module and organization scope",""
"auth_attempts","auth_attempts","expires_at","varchar(30)","false","","false","","Authorized module and organization scope","UTC timestamp"
"auth_tokens","auth_tokens","id","varchar(64)","false","","true","","Server only / authorized operator metadata",""
"auth_tokens","auth_tokens","user_id","varchar(64)","false","","false","users.id","Server only / authorized operator metadata",""
"auth_tokens","auth_tokens","kind","varchar(30)","false","","false","","Server only / authorized operator metadata",""
"auth_tokens","auth_tokens","token_hash","varchar(64)","false","","false","","Server only / authorized operator metadata",""
"auth_tokens","auth_tokens","attempts","INTEGER","false","'0'","false","","Server only / authorized operator metadata",""
"auth_tokens","auth_tokens","expires_at","varchar(30)","false","","false","","Server only / authorized operator metadata","UTC timestamp"
"auth_tokens","auth_tokens","created_at","varchar(30)","false","","false","","Server only / authorized operator metadata","UTC timestamp"
"auth_tokens","auth_tokens","email_id","varchar(64)","true","","false","email_outbox.id","Server only / authorized operator metadata",""
"comments","comments","id","varchar(64)","false","","true","","Authorized module and organization scope",""
"comments","comments","record_id","varchar(64)","false","","false","records.id","Authorized module and organization scope",""
"comments","comments","user_id","varchar(64)","false","","false","users.id","Authorized module and organization scope",""
"comments","comments","body","TEXT","false","","false","","Authorized module and organization scope",""
"comments","comments","created_at","varchar(30)","false","","false","","Authorized module and organization scope","UTC timestamp"
"document_extraction_reviews","document_extraction_reviews","id","varchar(64)","false","","true","","Authorized module and organization scope",""
"document_extraction_reviews","document_extraction_reviews","extraction_id","varchar(64)","false","","false","document_extractions.id","Authorized module and organization scope",""
"document_extraction_reviews","document_extraction_reviews","document_id","varchar(64)","false","","false","documents.id","Authorized module and organization scope",""
"document_extraction_reviews","document_extraction_reviews","reviewer_id","varchar(64)","false","","false","users.id","Authorized module and organization scope",""
"document_extraction_reviews","document_extraction_reviews","reviewer_name","varchar(200)","false","","false","","Authorized module and organization scope",""
"document_extraction_reviews","document_extraction_reviews","source_digest","varchar(64)","false","","false","","Authorized module and organization scope",""
"document_extraction_reviews","document_extraction_reviews","decision","varchar(30)","false","","false","","Authorized module and organization scope",""
"document_extraction_reviews","document_extraction_reviews","fields","TEXT","false","","false","","Authorized module and organization scope",""
"document_extraction_reviews","document_extraction_reviews","validation","TEXT","false","","false","","Authorized module and organization scope",""
"document_extraction_reviews","document_extraction_reviews","note","TEXT","false","","false","","Authorized module and organization scope",""
"document_extraction_reviews","document_extraction_reviews","created_at","varchar(30)","false","","false","","Authorized module and organization scope","UTC timestamp"
"document_extractions","document_extractions","id","varchar(64)","false","","true","","Authorized module and organization scope",""
"document_extractions","document_extractions","organization_id","varchar(64)","true","","false","organizations.id","Authorized module and organization scope",""
"document_extractions","document_extractions","document_id","varchar(64)","false","","false","documents.id","Authorized module and organization scope",""
"document_extractions","document_extractions","user_id","varchar(64)","false","","false","users.id","Authorized module and organization scope",""
"document_extractions","document_extractions","source_digest","varchar(64)","false","","false","","Authorized module and organization scope",""
"document_extractions","document_extractions","result","TEXT","false","","false","","Authorized module and organization scope",""
"document_extractions","document_extractions","model","varchar(100)","false","","false","","Authorized module and organization scope",""
"document_extractions","document_extractions","created_at","varchar(30)","false","","false","","Authorized module and organization scope","UTC timestamp"
"document_policies","document_policies","id","varchar(64)","false","","true","","Authorized module and organization scope",""
"document_policies","document_policies","category","varchar(180)","false","","false","","Authorized module and organization scope",""
"document_policies","document_policies","organization_type","varchar(40)","false","","false","","Authorized module and organization scope",""
"document_policies","document_policies","required","boolean","false","'0'","false","","Authorized module and organization scope",""
"document_policies","document_policies","expiry_required","boolean","false","'0'","false","","Authorized module and organization scope",""
"document_policies","document_policies","reminder_days","TEXT","false","","false","","Authorized module and organization scope",""
"document_policies","document_policies","updated_at","varchar(30)","false","","false","","Authorized module and organization scope","UTC timestamp"
"document_uploads","document_uploads","id","varchar(36)","false","","true","","Authorized module and organization scope",""
"document_uploads","document_uploads","user_id","varchar(64)","false","","false","users.id","Authorized module and organization scope",""
"document_uploads","document_uploads","storage_key","varchar(100)","false","","false","","Authorized module and organization scope",""
"document_uploads","document_uploads","name","varchar(200)","false","","false","","Authorized module and organization scope",""
"document_uploads","document_uploads","mime_type","varchar(100)","false","","false","","Authorized module and organization scope",""
"document_uploads","document_uploads","size","INTEGER","false","","false","","Authorized module and organization scope",""
"document_uploads","document_uploads","input","TEXT","false","","false","","Authorized module and organization scope",""
"document_uploads","document_uploads","status","varchar(30)","false","","false","","Authorized module and organization scope",""
"document_uploads","document_uploads","document_id","varchar(64)","true","","false","documents.id","Authorized module and organization scope",""
"document_uploads","document_uploads","created_at","varchar(30)","false","","false","","Authorized module and organization scope","UTC timestamp"
"document_uploads","document_uploads","expires_at","varchar(30)","false","","false","","Authorized module and organization scope","UTC timestamp"
"document_uploads","document_uploads","updated_at","varchar(30)","false","","false","","Authorized module and organization scope","UTC timestamp"
"documents","Document; DocumentVersion; ComplianceReview","id","varchar(64)","false","","true","","Authorized module and organization scope",""
"documents","Document; DocumentVersion; ComplianceReview","organization_id","varchar(64)","false","","false","organizations.id","Authorized module and organization scope",""
"documents","Document; DocumentVersion; ComplianceReview","record_id","varchar(64)","true","","false","records.id","Authorized module and organization scope",""
"documents","Document; DocumentVersion; ComplianceReview","category","varchar(50)","false","","false","","Authorized module and organization scope",""
"documents","Document; DocumentVersion; ComplianceReview","name","varchar(255)","false","","false","","Authorized module and organization scope",""
"documents","Document; DocumentVersion; ComplianceReview","storage_key","varchar(100)","false","","false","","Authorized module and organization scope",""
"documents","Document; DocumentVersion; ComplianceReview","mime_type","varchar(100)","false","","false","","Authorized module and organization scope",""
"documents","Document; DocumentVersion; ComplianceReview","size","INTEGER","false","","false","","Authorized module and organization scope",""
"documents","Document; DocumentVersion; ComplianceReview","status","varchar(30)","false","","false","","Authorized module and organization scope",""
"documents","Document; DocumentVersion; ComplianceReview","expires_at","varchar(30)","true","","false","","Authorized module and organization scope","UTC timestamp"
"documents","Document; DocumentVersion; ComplianceReview","version","INTEGER","false","'1'","false","","Authorized module and organization scope",""
"documents","Document; DocumentVersion; ComplianceReview","previous_id","varchar(64)","true","","false","documents.id","Authorized module and organization scope",""
"documents","Document; DocumentVersion; ComplianceReview","uploaded_by","varchar(64)","false","","false","users.id","Authorized module and organization scope",""
"documents","Document; DocumentVersion; ComplianceReview","reviewed_by","varchar(64)","true","","false","users.id","Authorized module and organization scope",""
"documents","Document; DocumentVersion; ComplianceReview","review_note","TEXT","false","''","false","","Authorized module and organization scope",""
"documents","Document; DocumentVersion; ComplianceReview","created_at","varchar(30)","false","","false","","Authorized module and organization scope","UTC timestamp"
"documents","Document; DocumentVersion; ComplianceReview","updated_at","varchar(30)","false","","false","","Authorized module and organization scope","UTC timestamp"
"email_outbox","email_outbox","id","varchar(64)","false","","true","","Server only / authorized operator metadata",""
"email_outbox","email_outbox","user_id","varchar(64)","true","","false","users.id","Server only / authorized operator metadata",""
"email_outbox","email_outbox","to_address","varchar(255)","false","","false","","Server only / authorized operator metadata",""
"email_outbox","email_outbox","subject","varchar(255)","false","","false","","Server only / authorized operator metadata",""
"email_outbox","email_outbox","body","TEXT","false","","false","","Server only / authorized operator metadata",""
"email_outbox","email_outbox","status","varchar(30)","false","'queued'","false","","Server only / authorized operator metadata",""
"email_outbox","email_outbox","attempts","INTEGER","false","'0'","false","","Server only / authorized operator metadata",""
"email_outbox","email_outbox","next_attempt","varchar(30)","false","","false","","Server only / authorized operator metadata",""
"email_outbox","email_outbox","sent_at","varchar(30)","true","","false","","Server only / authorized operator metadata","UTC timestamp"
"email_outbox","email_outbox","last_error","TEXT","true","","false","","Server only / authorized operator metadata",""
"email_outbox","email_outbox","created_at","varchar(30)","false","","false","","Server only / authorized operator metadata","UTC timestamp"
"email_outbox","email_outbox","expires_at","varchar(30)","true","","false","","Server only / authorized operator metadata","UTC timestamp"
"email_outbox","email_outbox","provider","varchar(30)","true","","false","","Server only / authorized operator metadata",""
"email_outbox","email_outbox","provider_reference","varchar(255)","true","","false","","Server only / authorized operator metadata",""
"email_outbox","email_outbox","delivered_at","varchar(30)","true","","false","","Server only / authorized operator metadata","UTC timestamp"
"import_batches","import_batches","id","varchar(64)","false","","true","","Authorized module and organization scope",""
"import_batches","import_batches","organization_id","varchar(64)","true","","false","organizations.id","Authorized module and organization scope",""
"import_batches","import_batches","user_id","varchar(64)","false","","false","users.id","Authorized module and organization scope",""
"import_batches","import_batches","kind","varchar(40)","false","","false","","Authorized module and organization scope",""
"import_batches","import_batches","status","varchar(30)","false","","false","","Authorized module and organization scope",""
"import_batches","import_batches","rows","TEXT","false","","false","","Authorized module and organization scope",""
"import_batches","import_batches","results","TEXT","false","'[]'","false","","Authorized module and organization scope",""
"import_batches","import_batches","expires_at","varchar(30)","false","","false","","Authorized module and organization scope","UTC timestamp"
"import_batches","import_batches","created_at","varchar(30)","false","","false","","Authorized module and organization scope","UTC timestamp"
"import_batches","import_batches","updated_at","varchar(30)","false","","false","","Authorized module and organization scope","UTC timestamp"
"integration_settings","integration_settings","key","varchar(40)","false","","true","","Server only / authorized operator metadata",""
"integration_settings","integration_settings","encrypted_value","TEXT","false","","false","","Server only / authorized operator metadata",""
"integration_settings","integration_settings","updated_by","varchar(64)","true","","false","users.id","Server only / authorized operator metadata",""
"integration_settings","integration_settings","updated_at","varchar(30)","false","","false","","Server only / authorized operator metadata","UTC timestamp"
"integration_settings","integration_settings","checked_at","varchar(30)","true","","false","","Server only / authorized operator metadata","UTC timestamp"
"integration_settings","integration_settings","check_status","varchar(30)","true","","false","","Server only / authorized operator metadata",""
"integration_tokens","integration_tokens","id","varchar(64)","false","","true","","Authorized module and organization scope",""
"integration_tokens","integration_tokens","organization_id","varchar(64)","true","","false","organizations.id","Authorized module and organization scope",""
"integration_tokens","integration_tokens","user_id","varchar(64)","false","","false","users.id","Authorized module and organization scope",""
"integration_tokens","integration_tokens","name","varchar(180)","false","","false","","Authorized module and organization scope",""
"integration_tokens","integration_tokens","token_hash","varchar(64)","false","","false","","Server only / authorized operator metadata",""
"integration_tokens","integration_tokens","prefix","varchar(20)","false","","false","","Authorized module and organization scope",""
"integration_tokens","integration_tokens","scopes","TEXT","false","","false","","Authorized module and organization scope",""
"integration_tokens","integration_tokens","expires_at","varchar(30)","false","","false","","Authorized module and organization scope","UTC timestamp"
"integration_tokens","integration_tokens","last_used_at","varchar(30)","true","","false","","Authorized module and organization scope","UTC timestamp"
"integration_tokens","integration_tokens","active","boolean","false","'1'","false","","Authorized module and organization scope",""
"integration_tokens","integration_tokens","created_at","varchar(30)","false","","false","","Authorized module and organization scope","UTC timestamp"
"invitations","invitations","id","varchar(64)","false","","true","","Authorized module and organization scope",""
"invitations","invitations","organization_id","varchar(64)","true","","false","organizations.id","Authorized module and organization scope",""
"invitations","invitations","name","varchar(255)","false","","false","","Authorized module and organization scope",""
"invitations","invitations","email","varchar(255)","false","","false","","Authorized module and organization scope",""
"invitations","invitations","role","varchar(50)","false","","false","roles.id","Authorized module and organization scope",""
"invitations","invitations","token_hash","varchar(64)","false","","false","","Server only / authorized operator metadata",""
"invitations","invitations","invited_by","varchar(64)","false","","false","users.id","Authorized module and organization scope",""
"invitations","invitations","expires_at","varchar(30)","false","","false","","Authorized module and organization scope","UTC timestamp"
"invitations","invitations","accepted_at","varchar(30)","true","","false","","Authorized module and organization scope","UTC timestamp"
"invitations","invitations","created_at","varchar(30)","false","","false","","Authorized module and organization scope","UTC timestamp"
"invitations","invitations","email_id","varchar(64)","true","","false","email_outbox.id","Authorized module and organization scope",""
"job_leases","job_leases","name","varchar(80)","false","","true","","Authorized module and organization scope",""
"job_leases","job_leases","owner","varchar(36)","false","","false","","Authorized module and organization scope",""
"job_leases","job_leases","expires_at","varchar(30)","false","","false","","Authorized module and organization scope","UTC timestamp"
"job_leases","job_leases","next_run_at","varchar(30)","false","","false","","Authorized module and organization scope","UTC timestamp"
"knex_migrations","knex_migrations","id","INTEGER","false","","true","","Authorized module and organization scope",""
"knex_migrations","knex_migrations","name","varchar(255)","true","","false","","Authorized module and organization scope",""
"knex_migrations","knex_migrations","batch","INTEGER","true","","false","","Authorized module and organization scope",""
"knex_migrations","knex_migrations","migration_time","datetime","true","","false","","Authorized module and organization scope",""
"knex_migrations_lock","knex_migrations_lock","index","INTEGER","false","","true","","Authorized module and organization scope",""
"knex_migrations_lock","knex_migrations_lock","is_locked","INTEGER","true","","false","","Authorized module and organization scope",""
"line_items","RFQItem; QuotationItem; POItem; InvoiceItem; ContractItem","id","varchar(64)","false","","true","","Authorized module and organization scope",""
"line_items","RFQItem; QuotationItem; POItem; InvoiceItem; ContractItem","record_id","varchar(64)","false","","false","records.id","Authorized module and organization scope",""
"line_items","RFQItem; QuotationItem; POItem; InvoiceItem; ContractItem","name","varchar(255)","false","","false","","Authorized module and organization scope",""
"line_items","RFQItem; QuotationItem; POItem; InvoiceItem; ContractItem","specification","TEXT","false","''","false","","Authorized module and organization scope",""
"line_items","RFQItem; QuotationItem; POItem; InvoiceItem; ContractItem","quantity","float","false","","false","","Authorized module and organization scope",""
"line_items","RFQItem; QuotationItem; POItem; InvoiceItem; ContractItem","unit","varchar(30)","false","","false","","Authorized module and organization scope",""
"line_items","RFQItem; QuotationItem; POItem; InvoiceItem; ContractItem","unit_price_minor","bigint","false","","false","","Authorized module and organization scope",""
"line_items","RFQItem; QuotationItem; POItem; InvoiceItem; ContractItem","tax_bps","INTEGER","false","","false","","Authorized module and organization scope",""
"line_items","RFQItem; QuotationItem; POItem; InvoiceItem; ContractItem","discount_bps","INTEGER","false","","false","","Authorized module and organization scope",""
"line_items","RFQItem; QuotationItem; POItem; InvoiceItem; ContractItem","position","INTEGER","false","","false","","Authorized module and organization scope",""
"line_items","RFQItem; QuotationItem; POItem; InvoiceItem; ContractItem","catalog_item_id","varchar(64)","true","","false","records.id","Authorized module and organization scope",""
"master_data","master_data","id","varchar(64)","false","","true","","Authorized module and organization scope",""
"master_data","master_data","kind","varchar(40)","false","","false","","Authorized module and organization scope",""
"master_data","master_data","code","varchar(100)","false","","false","","Authorized module and organization scope",""
"master_data","master_data","label","varchar(180)","false","","false","","Authorized module and organization scope",""
"master_data","master_data","active","boolean","false","'1'","false","","Authorized module and organization scope",""
"master_data","master_data","position","INTEGER","false","'0'","false","","Authorized module and organization scope",""
"master_data","master_data","metadata","TEXT","false","'{}'","false","","Authorized module and organization scope",""
"master_data","master_data","created_at","varchar(30)","false","","false","","Authorized module and organization scope","UTC timestamp"
"master_data","master_data","updated_at","varchar(30)","false","","false","","Authorized module and organization scope","UTC timestamp"
"notifications","notifications","id","varchar(64)","false","","true","","Authorized module and organization scope",""
"notifications","notifications","user_id","varchar(64)","false","","false","users.id","Authorized module and organization scope",""
"notifications","notifications","title","varchar(255)","false","","false","","Authorized module and organization scope",""
"notifications","notifications","body","TEXT","false","","false","","Authorized module and organization scope",""
"notifications","notifications","href","varchar(255)","false","","false","","Authorized module and organization scope",""
"notifications","notifications","category","varchar(50)","false","","false","","Authorized module and organization scope",""
"notifications","notifications","dedupe_key","varchar(255)","true","","false","","Authorized module and organization scope",""
"notifications","notifications","read_at","varchar(30)","true","","false","","Authorized module and organization scope","UTC timestamp"
"notifications","notifications","created_at","varchar(30)","false","","false","","Authorized module and organization scope","UTC timestamp"
"organization_contacts","organization_contacts","id","varchar(64)","false","","true","","Authorized module and organization scope",""
"organization_contacts","organization_contacts","organization_id","varchar(64)","true","","false","organizations.id","Authorized module and organization scope",""
"organization_contacts","organization_contacts","name","varchar(180)","false","","false","","Authorized module and organization scope",""
"organization_contacts","organization_contacts","email","varchar(255)","false","","false","","Authorized module and organization scope",""
"organization_contacts","organization_contacts","phone","varchar(50)","false","''","false","","Authorized module and organization scope",""
"organization_contacts","organization_contacts","role","varchar(120)","false","","false","","Authorized module and organization scope",""
"organization_contacts","organization_contacts","active","boolean","false","'1'","false","","Authorized module and organization scope",""
"organization_contacts","organization_contacts","is_primary","boolean","false","'0'","false","","Authorized module and organization scope",""
"organization_contacts","organization_contacts","created_at","varchar(30)","false","","false","","Authorized module and organization scope","UTC timestamp"
"organization_contacts","organization_contacts","updated_at","varchar(30)","false","","false","","Authorized module and organization scope","UTC timestamp"
"organization_resources","organization_resources","id","varchar(64)","false","","true","","Authorized module and organization scope",""
"organization_resources","organization_resources","organization_id","varchar(64)","false","","false","organizations.id","Authorized module and organization scope",""
"organization_resources","organization_resources","title","varchar(180)","false","","false","","Authorized module and organization scope",""
"organization_resources","organization_resources","skills","TEXT","false","","false","","Authorized module and organization scope",""
"organization_resources","organization_resources","location","varchar(180)","false","","false","","Authorized module and organization scope",""
"organization_resources","organization_resources","experience","float","false","","false","","Authorized module and organization scope",""
"organization_resources","organization_resources","count","INTEGER","false","","false","","Authorized module and organization scope",""
"organization_resources","organization_resources","available_from","varchar(10)","false","","false","","Authorized module and organization scope",""
"organization_resources","organization_resources","status","varchar(30)","false","","false","","Authorized module and organization scope",""
"organization_resources","organization_resources","rate_minor","bigint","false","","false","","Authorized module and organization scope",""
"organization_resources","organization_resources","currency","varchar(3)","false","","false","","Authorized module and organization scope",""
"organization_resources","organization_resources","rate_unit","varchar(20)","false","","false","","Authorized module and organization scope",""
"organization_resources","organization_resources","notes","TEXT","false","","false","","Authorized module and organization scope",""
"organization_resources","organization_resources","version","INTEGER","false","'1'","false","","Authorized module and organization scope",""
"organization_resources","organization_resources","created_at","varchar(30)","false","","false","","Authorized module and organization scope","UTC timestamp"
"organization_resources","organization_resources","updated_at","varchar(30)","false","","false","","Authorized module and organization scope","UTC timestamp"
"organizations","Organization","id","varchar(64)","false","","true","","Authorized module and organization scope",""
"organizations","Organization","number","varchar(255)","false","","false","","Authorized module and organization scope",""
"organizations","Organization","type","varchar(50)","false","","false","","Authorized module and organization scope",""
"organizations","Organization","legal_name","varchar(255)","false","","false","","Authorized module and organization scope",""
"organizations","Organization","trade_name","varchar(255)","false","''","false","","Authorized module and organization scope",""
"organizations","Organization","industry","varchar(255)","false","","false","","Authorized module and organization scope",""
"organizations","Organization","city","varchar(255)","false","","false","","Authorized module and organization scope",""
"organizations","Organization","country","varchar(255)","false","'India'","false","","Authorized module and organization scope",""
"organizations","Organization","website","varchar(255)","false","''","false","","Authorized module and organization scope",""
"organizations","Organization","status","varchar(40)","false","","false","","Authorized module and organization scope",""
"organizations","Organization","contact_name","varchar(255)","false","","false","","Authorized module and organization scope",""
"organizations","Organization","contact_email","varchar(255)","false","","false","","Authorized module and organization scope",""
"organizations","Organization","contact_phone","varchar(50)","false","","false","","Authorized module and organization scope",""
"organizations","Organization","details","TEXT","false","'{}'","false","","Authorized module and organization scope",""
"organizations","Organization","created_at","varchar(30)","false","","false","","Authorized module and organization scope","UTC timestamp"
"organizations","Organization","updated_at","varchar(30)","false","","false","","Authorized module and organization scope","UTC timestamp"
"organizations","Organization","logo_key","varchar(100)","true","","false","","Authorized module and organization scope",""
"organizations","Organization","logo_mime","varchar(40)","true","","false","","Authorized module and organization scope",""
"organizations","Organization","marketplace_visible","boolean","false","'0'","false","","Authorized module and organization scope",""
"public_inquiries","public_inquiries","id","varchar(64)","false","","true","","Authorized module and organization scope",""
"public_inquiries","public_inquiries","name","varchar(180)","false","","false","","Authorized module and organization scope",""
"public_inquiries","public_inquiries","email","varchar(255)","false","","false","","Authorized module and organization scope",""
"public_inquiries","public_inquiries","company","varchar(255)","false","","false","","Authorized module and organization scope",""
"public_inquiries","public_inquiries","message","TEXT","false","","false","","Authorized module and organization scope",""
"public_inquiries","public_inquiries","status","varchar(30)","false","'open'","false","","Authorized module and organization scope",""
"public_inquiries","public_inquiries","created_at","varchar(30)","false","","false","","Authorized module and organization scope","UTC timestamp"
"public_inquiries","public_inquiries","updated_at","varchar(30)","false","","false","","Authorized module and organization scope","UTC timestamp"
"public_inquiries","public_inquiries","reference","varchar(50)","true","","false","","Authorized module and organization scope",""
"public_inquiries","public_inquiries","resolution","TEXT","false","''","false","","Authorized module and organization scope",""
"record_invitations","RFQInvitation; RecruitmentAssignment","record_id","varchar(64)","false","","true","records.id","Authorized module and organization scope",""
"record_invitations","RFQInvitation; RecruitmentAssignment","organization_id","varchar(64)","false","","true","organizations.id","Authorized module and organization scope",""
"record_versions","QuotationRevision; ContractAmendment; RecordVersion","id","varchar(64)","false","","true","","Authorized module and organization scope",""
"record_versions","QuotationRevision; ContractAmendment; RecordVersion","record_id","varchar(64)","false","","false","records.id","Authorized module and organization scope",""
"record_versions","QuotationRevision; ContractAmendment; RecordVersion","version","INTEGER","false","","false","","Authorized module and organization scope",""
"record_versions","QuotationRevision; ContractAmendment; RecordVersion","snapshot","TEXT","false","","false","","Authorized module and organization scope",""
"record_versions","QuotationRevision; ContractAmendment; RecordVersion","created_by","varchar(64)","false","","false","users.id","Authorized module and organization scope",""
"record_versions","QuotationRevision; ContractAmendment; RecordVersion","note","varchar(2000)","false","","false","","Authorized module and organization scope",""
"record_versions","QuotationRevision; ContractAmendment; RecordVersion","created_at","varchar(30)","false","","false","","Authorized module and organization scope","UTC timestamp"
"records","Requirement; RFQ; Quotation; PurchaseOrder; Delivery; Contract; Invoice; Payment; Product; Service; Candidate; Interview; Engagement; Timesheet; Milestone; DemoRequest; PerformanceReview; SupportTicket","id","varchar(64)","false","","true","","Authorized module and organization scope",""
"records","Requirement; RFQ; Quotation; PurchaseOrder; Delivery; Contract; Invoice; Payment; Product; Service; Candidate; Interview; Engagement; Timesheet; Milestone; DemoRequest; PerformanceReview; SupportTicket","kind","varchar(40)","false","","false","","Authorized module and organization scope",""
"records","Requirement; RFQ; Quotation; PurchaseOrder; Delivery; Contract; Invoice; Payment; Product; Service; Candidate; Interview; Engagement; Timesheet; Milestone; DemoRequest; PerformanceReview; SupportTicket","number","varchar(255)","false","","false","","Authorized module and organization scope",""
"records","Requirement; RFQ; Quotation; PurchaseOrder; Delivery; Contract; Invoice; Payment; Product; Service; Candidate; Interview; Engagement; Timesheet; Milestone; DemoRequest; PerformanceReview; SupportTicket","title","varchar(255)","false","","false","","Authorized module and organization scope",""
"records","Requirement; RFQ; Quotation; PurchaseOrder; Delivery; Contract; Invoice; Payment; Product; Service; Candidate; Interview; Engagement; Timesheet; Milestone; DemoRequest; PerformanceReview; SupportTicket","status","varchar(40)","false","","false","","Authorized module and organization scope",""
"records","Requirement; RFQ; Quotation; PurchaseOrder; Delivery; Contract; Invoice; Payment; Product; Service; Candidate; Interview; Engagement; Timesheet; Milestone; DemoRequest; PerformanceReview; SupportTicket","owner_org_id","varchar(64)","true","","false","organizations.id","Authorized module and organization scope",""
"records","Requirement; RFQ; Quotation; PurchaseOrder; Delivery; Contract; Invoice; Payment; Product; Service; Candidate; Interview; Engagement; Timesheet; Milestone; DemoRequest; PerformanceReview; SupportTicket","buyer_org_id","varchar(64)","true","","false","organizations.id","Authorized module and organization scope",""
"records","Requirement; RFQ; Quotation; PurchaseOrder; Delivery; Contract; Invoice; Payment; Product; Service; Candidate; Interview; Engagement; Timesheet; Milestone; DemoRequest; PerformanceReview; SupportTicket","partner_org_id","varchar(64)","true","","false","organizations.id","Authorized module and organization scope",""
"records","Requirement; RFQ; Quotation; PurchaseOrder; Delivery; Contract; Invoice; Payment; Product; Service; Candidate; Interview; Engagement; Timesheet; Milestone; DemoRequest; PerformanceReview; SupportTicket","parent_id","varchar(64)","true","","false","records.id","Authorized module and organization scope",""
"records","Requirement; RFQ; Quotation; PurchaseOrder; Delivery; Contract; Invoice; Payment; Product; Service; Candidate; Interview; Engagement; Timesheet; Milestone; DemoRequest; PerformanceReview; SupportTicket","amount_minor","bigint","false","'0'","false","","Authorized module and organization scope","Integer minor currency units; never sum across currencies"
"records","Requirement; RFQ; Quotation; PurchaseOrder; Delivery; Contract; Invoice; Payment; Product; Service; Candidate; Interview; Engagement; Timesheet; Milestone; DemoRequest; PerformanceReview; SupportTicket","currency","varchar(3)","false","'INR'","false","","Authorized module and organization scope",""
"records","Requirement; RFQ; Quotation; PurchaseOrder; Delivery; Contract; Invoice; Payment; Product; Service; Candidate; Interview; Engagement; Timesheet; Milestone; DemoRequest; PerformanceReview; SupportTicket","payload","TEXT","false","'{}'","false","","Authorized module and organization scope","Validated module-specific JSON; see payload-field-dictionary.csv"
"records","Requirement; RFQ; Quotation; PurchaseOrder; Delivery; Contract; Invoice; Payment; Product; Service; Candidate; Interview; Engagement; Timesheet; Milestone; DemoRequest; PerformanceReview; SupportTicket","version","INTEGER","false","'1'","false","","Authorized module and organization scope",""
"records","Requirement; RFQ; Quotation; PurchaseOrder; Delivery; Contract; Invoice; Payment; Product; Service; Candidate; Interview; Engagement; Timesheet; Milestone; DemoRequest; PerformanceReview; SupportTicket","created_by","varchar(64)","false","","false","users.id","Authorized module and organization scope",""
"records","Requirement; RFQ; Quotation; PurchaseOrder; Delivery; Contract; Invoice; Payment; Product; Service; Candidate; Interview; Engagement; Timesheet; Milestone; DemoRequest; PerformanceReview; SupportTicket","created_at","varchar(30)","false","","false","","Authorized module and organization scope","UTC timestamp"
"records","Requirement; RFQ; Quotation; PurchaseOrder; Delivery; Contract; Invoice; Payment; Product; Service; Candidate; Interview; Engagement; Timesheet; Milestone; DemoRequest; PerformanceReview; SupportTicket","updated_at","varchar(30)","false","","false","","Authorized module and organization scope","UTC timestamp"
"records","Requirement; RFQ; Quotation; PurchaseOrder; Delivery; Contract; Invoice; Payment; Product; Service; Candidate; Interview; Engagement; Timesheet; Milestone; DemoRequest; PerformanceReview; SupportTicket","external_key","varchar(600)","true","","false","","Authorized module and organization scope",""
"records","Requirement; RFQ; Quotation; PurchaseOrder; Delivery; Contract; Invoice; Payment; Product; Service; Candidate; Interview; Engagement; Timesheet; Milestone; DemoRequest; PerformanceReview; SupportTicket","relationship_key","varchar(200)","true","","false","","Authorized module and organization scope",""
"roles","Role; Permission","id","varchar(50)","false","","true","","Authorized module and organization scope",""
"roles","Role; Permission","name","varchar(255)","false","","false","","Authorized module and organization scope",""
"roles","Role; Permission","internal","boolean","false","","false","","Authorized module and organization scope",""
"roles","Role; Permission","permissions","TEXT","false","","false","","Authorized module and organization scope","Module-to-action mapping; organization types narrow external roles"
"sequences","sequences","name","varchar(50)","false","","true","","Authorized module and organization scope",""
"sequences","sequences","value","bigint","false","","false","","Authorized module and organization scope",""
"sessions","sessions","id","varchar(64)","false","","true","","Server only / authorized operator metadata",""
"sessions","sessions","user_id","varchar(64)","false","","false","users.id","Server only / authorized operator metadata",""
"sessions","sessions","csrf_token","varchar(64)","false","","false","","Server only / authorized operator metadata",""
"sessions","sessions","expires_at","varchar(30)","false","","false","","Server only / authorized operator metadata","UTC timestamp"
"sessions","sessions","created_at","varchar(30)","false","","false","","Server only / authorized operator metadata","UTC timestamp"
"sessions","sessions","public_id","varchar(36)","true","","false","","Server only / authorized operator metadata",""
"sessions","sessions","last_seen_at","varchar(30)","true","","false","","Server only / authorized operator metadata","UTC timestamp"
"sessions","sessions","user_agent","varchar(500)","false","''","false","","Server only / authorized operator metadata",""
"settings","settings","key","varchar(100)","false","","true","","Authorized module and organization scope",""
"settings","settings","value","TEXT","false","","false","","Authorized module and organization scope",""
"settings","settings","updated_at","varchar(30)","false","","false","","Authorized module and organization scope","UTC timestamp"
"signature_envelopes","signature_envelopes","id","varchar(64)","false","","true","","Authorized module and organization scope",""
"signature_envelopes","signature_envelopes","contract_id","varchar(64)","false","","false","records.id","Authorized module and organization scope",""
"signature_envelopes","signature_envelopes","contract_version","INTEGER","false","","false","","Authorized module and organization scope",""
"signature_envelopes","signature_envelopes","document_id","varchar(64)","false","","false","documents.id","Authorized module and organization scope",""
"signature_envelopes","signature_envelopes","source_digest","varchar(64)","false","","false","","Authorized module and organization scope",""
"signature_envelopes","signature_envelopes","requested_by","varchar(64)","false","","false","users.id","Authorized module and organization scope",""
"signature_envelopes","signature_envelopes","status","varchar(30)","false","","false","","Authorized module and organization scope",""
"signature_envelopes","signature_envelopes","expires_at","varchar(30)","false","","false","","Authorized module and organization scope","UTC timestamp"
"signature_envelopes","signature_envelopes","completed_at","varchar(30)","true","","false","","Authorized module and organization scope","UTC timestamp"
"signature_envelopes","signature_envelopes","certificate_key","varchar(100)","true","","false","","Authorized module and organization scope",""
"signature_envelopes","signature_envelopes","created_at","varchar(30)","false","","false","","Authorized module and organization scope","UTC timestamp"
"signature_envelopes","signature_envelopes","updated_at","varchar(30)","false","","false","","Authorized module and organization scope","UTC timestamp"
"signature_envelopes","signature_envelopes","contract_snapshot","TEXT","false","'{}'","false","","Authorized module and organization scope",""
"signature_envelopes","signature_envelopes","contract_digest","varchar(64)","false","''","false","","Authorized module and organization scope",""
"signature_parties","signature_parties","id","varchar(64)","false","","true","","Authorized module and organization scope",""
"signature_parties","signature_parties","envelope_id","varchar(64)","false","","false","signature_envelopes.id","Authorized module and organization scope",""
"signature_parties","signature_parties","user_id","varchar(64)","false","","false","users.id","Authorized module and organization scope",""
"signature_parties","signature_parties","status","varchar(30)","false","","false","","Authorized module and organization scope",""
"signature_parties","signature_parties","signed_name","varchar(180)","true","","false","","Authorized module and organization scope",""
"signature_parties","signature_parties","signed_at","varchar(30)","true","","false","","Authorized module and organization scope","UTC timestamp"
"signature_parties","signature_parties","signature_digest","varchar(64)","true","","false","","Authorized module and organization scope",""
"signature_parties","signature_parties","consent","TEXT","true","","false","","Authorized module and organization scope",""
"signature_parties","signature_parties","challenge_id","varchar(64)","true","","false","","Authorized module and organization scope",""
"signature_parties","signature_parties","otp_hash","varchar(64)","true","","false","","Server only / authorized operator metadata",""
"signature_parties","signature_parties","otp_expires_at","varchar(30)","true","","false","","Authorized module and organization scope","UTC timestamp"
"signature_parties","signature_parties","otp_attempts","INTEGER","false","'0'","false","","Authorized module and organization scope",""
"signature_parties","signature_parties","otp_sent_at","varchar(30)","true","","false","","Authorized module and organization scope","UTC timestamp"
"signature_parties","signature_parties","ip_hash","varchar(64)","true","","false","","Server only / authorized operator metadata",""
"signature_parties","signature_parties","email_id","varchar(64)","true","","false","email_outbox.id","Authorized module and organization scope",""
"signature_parties","signature_parties","signer_identity","TEXT","true","","false","","Authorized module and organization scope",""
"users","User","id","varchar(64)","false","","true","","Authorized module and organization scope",""
"users","User","organization_id","varchar(64)","true","","false","organizations.id","Authorized module and organization scope",""
"users","User","name","varchar(255)","false","","false","","Authorized module and organization scope",""
"users","User","email","varchar(255)","false","","false","","Authorized module and organization scope",""
"users","User","password_hash","TEXT","false","","false","","Server only / authorized operator metadata",""
"users","User","role","varchar(50)","false","","false","roles.id","Authorized module and organization scope",""
"users","User","email_verified","boolean","false","'0'","false","","Authorized module and organization scope",""
"users","User","active","boolean","false","'1'","false","","Authorized module and organization scope",""
"users","User","preferences","TEXT","false","'{}'","false","","Authorized module and organization scope",""
"users","User","created_at","varchar(30)","false","","false","","Authorized module and organization scope","UTC timestamp"
"users","User","updated_at","varchar(30)","false","","false","","Authorized module and organization scope","UTC timestamp"
"webhook_deliveries","webhook_deliveries","id","varchar(64)","false","","true","","Authorized module and organization scope",""
"webhook_deliveries","webhook_deliveries","endpoint_id","varchar(64)","false","","false","webhook_endpoints.id","Authorized module and organization scope",""
"webhook_deliveries","webhook_deliveries","event_id","varchar(64)","false","","false","","Authorized module and organization scope",""
"webhook_deliveries","webhook_deliveries","payload","TEXT","false","","false","","Authorized module and organization scope","Validated module-specific JSON; see payload-field-dictionary.csv"
"webhook_deliveries","webhook_deliveries","status","varchar(30)","false","","false","","Authorized module and organization scope",""
"webhook_deliveries","webhook_deliveries","attempts","INTEGER","false","'0'","false","","Authorized module and organization scope",""
"webhook_deliveries","webhook_deliveries","http_status","INTEGER","true","","false","","Authorized module and organization scope",""
"webhook_deliveries","webhook_deliveries","next_attempt","varchar(30)","false","","false","","Authorized module and organization scope",""
"webhook_deliveries","webhook_deliveries","delivered_at","varchar(30)","true","","false","","Authorized module and organization scope","UTC timestamp"
"webhook_deliveries","webhook_deliveries","created_at","varchar(30)","false","","false","","Authorized module and organization scope","UTC timestamp"
"webhook_endpoints","webhook_endpoints","id","varchar(64)","false","","true","","Authorized module and organization scope",""
"webhook_endpoints","webhook_endpoints","organization_id","varchar(64)","true","","false","organizations.id","Authorized module and organization scope",""
"webhook_endpoints","webhook_endpoints","name","varchar(180)","false","","false","","Authorized module and organization scope",""
"webhook_endpoints","webhook_endpoints","url","TEXT","false","","false","","Authorized module and organization scope",""
"webhook_endpoints","webhook_endpoints","encrypted_secret","TEXT","false","","false","","Server only / authorized operator metadata",""
"webhook_endpoints","webhook_endpoints","events","TEXT","false","","false","","Authorized module and organization scope",""
"webhook_endpoints","webhook_endpoints","active","boolean","false","'1'","false","","Authorized module and organization scope",""
"webhook_endpoints","webhook_endpoints","created_by","varchar(64)","false","","false","users.id","Authorized module and organization scope",""
"webhook_endpoints","webhook_endpoints","created_at","varchar(30)","false","","false","","Authorized module and organization scope","UTC timestamp"
"webhook_endpoints","webhook_endpoints","updated_at","varchar(30)","false","","false","","Authorized module and organization scope","UTC timestamp"