"report","metric","label","format","measurement_scope","definition","source_tables","currency_rule"
"executive","records","Business records","number","period","All permitted business records created in the selected period.","organizations; records; documents","Counts include all permitted currencies; no currency conversion"
"executive","documents","Current documents","number","current","Latest organization documents in the authorized scope, excluding transaction attachments and superseded versions.","organizations; records; documents","Counts include all permitted currencies; no currency conversion"
"executive","organizations","Total organizations","number","current","Current organizations, excluding the internal VS platform organization.","organizations; records; documents","Counts include all permitted currencies; no currency conversion"
"executive","active_organizations","Active organizations","number","current","Organizations currently active after verification.","organizations; records; documents","Counts include all permitted currencies; no currency conversion"
"executive","pending_verification","Pending verification","number","current","Registered, under-review, clarification and verified organizations awaiting active status.","organizations; records; documents","Counts include all permitted currencies; no currency conversion"
"executive","rfqs","RFQs","number","period","RFQs created in the selected period, including all statuses.","organizations; records; documents","Counts include all permitted currencies; no currency conversion"
"executive","quotations","Quotations","number","period","Quotations created in the selected period, including all statuses.","organizations; records; documents","Counts include all permitted currencies; no currency conversion"
"executive","orders","Purchase orders","number","period","Purchase orders created in the selected period, including all statuses.","organizations; records; documents","Counts include all permitted currencies; no currency conversion"
"executive","contracts","Contracts","number","period","Contracts created in the selected period, including all statuses.","organizations; records; documents","Counts include all permitted currencies; no currency conversion"
"executive","invoices","Invoices","number","period","Invoices created in the selected period, including all statuses.","organizations; records; documents","Counts include all permitted currencies; no currency conversion"
"executive","payments","Payments","number","period","Payments created in the selected period, including all statuses.","organizations; records; documents","Counts include all permitted currencies; no currency conversion"
"partners","organizations","Total organizations","number","current","Current organizations, excluding the internal VS platform organization.","organizations","Counts include all permitted currencies; no currency conversion"
"partners","active_organizations","Active organizations","number","current","Organizations currently active after verification.","organizations","Counts include all permitted currencies; no currency conversion"
"partners","pending_verification","Pending verification","number","current","Registered, under-review, clarification and verified organizations awaiting active status.","organizations","Counts include all permitted currencies; no currency conversion"
"partners","organizations_vendor","Vendor","number","current","Current Vendor organizations in your permitted scope.","organizations","Counts include all permitted currencies; no currency conversion"
"partners","organizations_supplier","Supplier","number","current","Current Supplier organizations in your permitted scope.","organizations","Counts include all permitted currencies; no currency conversion"
"partners","organizations_client","Client / Buyer","number","current","Current Client / Buyer organizations in your permitted scope.","organizations","Counts include all permitted currencies; no currency conversion"
"partners","organizations_recruitment","Recruitment Company","number","current","Current Recruitment Company organizations in your permitted scope.","organizations","Counts include all permitted currencies; no currency conversion"
"partners","organizations_staffing","Staffing Company","number","current","Current Staffing Company organizations in your permitted scope.","organizations","Counts include all permitted currencies; no currency conversion"
"partners","organizations_service_provider","Service Provider","number","current","Current Service Provider organizations in your permitted scope.","organizations","Counts include all permitted currencies; no currency conversion"
"partners","organizations_technology_partner","Technology Partner","number","current","Current Technology Partner organizations in your permitted scope.","organizations","Counts include all permitted currencies; no currency conversion"
"partners","organizations_business_partner","Business Partner","number","current","Current Business Partner organizations in your permitted scope.","organizations","Counts include all permitted currencies; no currency conversion"
"partners","organizations_other","Other","number","current","Current Other organizations in your permitted scope.","organizations","Counts include all permitted currencies; no currency conversion"
"partners","suspended","Suspended organizations","number","current","Organizations currently suspended.","organizations","Counts include all permitted currencies; no currency conversion"
"procurement","requirements","Requirements","number","period","Procurement requirements created in the period; hiring requirements are excluded.","records; record_invitations","Counts include all permitted currencies; no currency conversion"
"procurement","rfqs","RFQs","number","period","RFQs created in the period, including drafts.","records; record_invitations","Counts include all permitted currencies; no currency conversion"
"procurement","quotations","Quotations","number","period","Quotations created in the period, including drafts.","records; record_invitations","Counts include all permitted currencies; no currency conversion"
"procurement","orders","Purchase orders","number","period","Purchase orders created in the period, including drafts.","records; record_invitations","Counts include all permitted currencies; no currency conversion"
"procurement","average_quotation","Average submitted quotation","money","period","Mean total, including tax, discounts and delivery, across non-draft quotations created in the period and selected currency. Revisions are not counted as extra quotations.","records; record_invitations","Selected currency; integer minor units"
"procurement","po_value","Purchase order value","money","period","Approved or later purchase orders created in the period, in the selected currency. Draft and pending-approval values are excluded.","records; record_invitations","Selected currency; integer minor units"
"procurement","rfq_response_rate","RFQ response rate","percent","period","Invitation pairs with at least one non-draft quotation ÷ visible invitations to non-draft RFQs created in the period. Revisions count once; responses are measured as of now. Vendors see their own invitations.","records; record_invitations","Counts include all permitted currencies; no currency conversion"
"procurement","rfq_invitations","Partner invitations","number","period","Visible invitations to non-draft RFQs created in the selected period.","records; record_invitations","Counts include all permitted currencies; no currency conversion"
"performance","qualified_orders","Approved orders","number","period","Orders at approved or later status, created in the period.","records; record_invitations; organizations; audit_logs","Counts include all permitted currencies; no currency conversion"
"performance","completed_orders","Completed orders","number","period","Orders currently fulfilled or closed, created in the period.","records; record_invitations; organizations; audit_logs","Counts include all permitted currencies; no currency conversion"
"performance","on_time_rate","On-time deliveries","percent","period","Confirmed deliveries whose first recorded delivered date was on or before the order’s promised date ÷ confirmed deliveries with both dates recorded.","records; record_invitations; organizations; audit_logs","Counts include all permitted currencies; no currency conversion"
"performance","rated_deliveries","Delivery evidence samples","number","period","Confirmed deliveries with a promised date and an audited delivered timestamp.","records; record_invitations; organizations; audit_logs","Counts include all permitted currencies; no currency conversion"
"performance","average_rating","Average partner rating","decimal","period","Mean of quality, delivery, communication and value ratings across published reviews, out of five.","records; record_invitations; organizations; audit_logs","Counts include all permitted currencies; no currency conversion"
"performance","published_reviews","Published reviews","number","period","Published reviews created in the reporting period.","records; record_invitations; organizations; audit_logs","Counts include all permitted currencies; no currency conversion"
"performance","response_rate","Partner response rate","percent","period","Visible RFQ invitation pairs with a non-draft quotation divided by visible invitations; revisions count once.","records; record_invitations; organizations; audit_logs","Counts include all permitted currencies; no currency conversion"
"recruitment","hiring_requirements","Hiring requirements","number","period","Hiring requirements created during the period; procurement requirements are excluded.","records","Counts include all permitted currencies; no currency conversion"
"recruitment","open_positions","Open positions","number","period","Sum of positions on currently open hiring requirements created in the period.","records","Counts include all permitted currencies; no currency conversion"
"recruitment","closed_positions","Closed requirement positions","number","period","Sum of advertised positions on closed hiring requirements created in the period, including any closed without a hire.","records","Counts include all permitted currencies; no currency conversion"
"recruitment","candidates","Candidates submitted","number","period","Candidate submissions created in the reporting period, across all current stages.","records","Counts include all permitted currencies; no currency conversion"
"recruitment","candidates_shortlisted","Shortlisted","number","period","Candidates created in the period currently at the Shortlisted stage.","records","Counts include all permitted currencies; no currency conversion"
"recruitment","candidates_selected","Selected","number","period","Candidates created in the period currently at the Selected stage.","records","Counts include all permitted currencies; no currency conversion"
"recruitment","candidates_offer","At offer stage","number","period","Candidates created in the period currently at the Offer stage.","records","Counts include all permitted currencies; no currency conversion"
"recruitment","candidates_bgv","In background verification","number","period","Candidates created in the period currently at the Bgv stage.","records","Counts include all permitted currencies; no currency conversion"
"recruitment","candidates_onboarding","Onboarding","number","period","Candidates created in the period currently at the Onboarding stage.","records","Counts include all permitted currencies; no currency conversion"
"recruitment","candidates_joined","Joined","number","period","Candidates created in the period currently at the Joined stage.","records","Counts include all permitted currencies; no currency conversion"
"recruitment","interviews","Interviews scheduled","number","period","Interviews created in the period whose current status is scheduled.","records","Counts include all permitted currencies; no currency conversion"
"finance","invoices","Invoices created","number","period","Invoices created in the selected period, including drafts and rejected invoices.","records","Counts include all permitted currencies; no currency conversion"
"finance","invoice_value","Approved invoice value","money","period","Approved or paid invoices created in the selected period and selected currency.","records","Selected currency; integer minor units"
"finance","outstanding","Outstanding balance","money","current","Positive invoice balances in the selected currency after completed payments, across all approved/paid invoices.","records","Selected currency; integer minor units"
"finance","overdue","Overdue balance","money","current","Outstanding balance on invoices whose due date is before today, across all approved/paid invoices in the selected currency.","records","Selected currency; integer minor units"
"finance","payments_completed","Completed payments","money","period","Completed payment records created in the selected period and currency. This records settlement evidence; it does not execute bank transfers.","records","Selected currency; integer minor units"
"finance","payments_failed","Failed payments","number","period","Payment records created in the period whose current status is failed.","records","Counts include all permitted currencies; no currency conversion"
"compliance","expiry_Expired","Expired documents","number","current","Latest organization documents in the Expired expiry window. Rejected documents retain their actual expiry date and remain visible for correction.","documents; organizations; settings; master_data; document_policies","Counts include all permitted currencies; no currency conversion"
"compliance","expiry_0–30 days","Expires in 0–30 days","number","current","Latest organization documents in the 0–30 days expiry window. Rejected documents retain their actual expiry date and remain visible for correction.","documents; organizations; settings; master_data; document_policies","Counts include all permitted currencies; no currency conversion"
"compliance","expiry_31–60 days","Expires in 31–60 days","number","current","Latest organization documents in the 31–60 days expiry window. Rejected documents retain their actual expiry date and remain visible for correction.","documents; organizations; settings; master_data; document_policies","Counts include all permitted currencies; no currency conversion"
"compliance","expiry_61–90 days","Expires in 61–90 days","number","current","Latest organization documents in the 61–90 days expiry window. Rejected documents retain their actual expiry date and remain visible for correction.","documents; organizations; settings; master_data; document_policies","Counts include all permitted currencies; no currency conversion"
"compliance","documents_uploaded","Awaiting review","number","current","Latest organization documents currently uploaded.","documents; organizations; settings; master_data; document_policies","Counts include all permitted currencies; no currency conversion"
"compliance","documents_under_review","Under review","number","current","Latest organization documents currently under review.","documents; organizations; settings; master_data; document_policies","Counts include all permitted currencies; no currency conversion"
"compliance","documents_rejected","Rejected documents","number","current","Latest organization documents currently rejected.","documents; organizations; settings; master_data; document_policies","Counts include all permitted currencies; no currency conversion"
"compliance","renewals_pending","Renewals awaiting review","number","current","Latest replacement versions that are uploaded or under review. Previous approvals are not reused for a new file.","documents; organizations; settings; master_data; document_policies","Counts include all permitted currencies; no currency conversion"
"compliance","missing_required_documents","Missing required documents","number","current","Required categories without a current, non-rejected upload, using the applicable organization-type policy. Draft/archived organizations are excluded. An uploaded document still needs human approval.","documents; organizations; settings; master_data; document_policies","Counts include all permitted currencies; no currency conversion"
"compliance","organizations_missing_documents","Organizations with gaps","number","current","Organizations missing at least one required document category; each organization is counted once.","documents; organizations; settings; master_data; document_policies","Counts include all permitted currencies; no currency conversion"
"support","tickets","Tickets opened","number","period","Support tickets created in the selected period.","records; audit_logs","Counts include all permitted currencies; no currency conversion"
"support","unresolved","Current open workload","number","current","All currently open, assigned, in-progress or waiting tickets, including those created before the selected period.","records; audit_logs","Counts include all permitted currencies; no currency conversion"
"support","resolved","Resolved or closed","number","period","Tickets created in the period that are now resolved or closed.","records; audit_logs","Counts include all permitted currencies; no currency conversion"
"support","resolution_hours","Average resolution hours","decimal","period","Mean hours from creation to the first audited Resolved event for tickets created in the period.","records; audit_logs","Counts include all permitted currencies; no currency conversion"
"support","resolution_samples","Resolution samples","number","period","Tickets with both creation and first-resolution timestamps available.","records; audit_logs","Counts include all permitted currencies; no currency conversion"