"module","field","label","json_type","required_by_schema","constraints","access"
"requirements","description","Description / scope","string","false","{""default"":"""",""type"":""string"",""maxLength"":10000}","Requirements permission plus record relationships; workflow checks also apply"
"requirements","category","Category","string","false","{""default"":"""",""type"":""string"",""maxLength"":150}","Requirements permission plus record relationships; workflow checks also apply"
"requirements","location","Location","string","false","{""default"":"""",""type"":""string"",""maxLength"":300}","Requirements permission plus record relationships; workflow checks also apply"
"requirements","remarks","remarks","string","false","{""default"":"""",""type"":""string"",""maxLength"":3000}","Requirements permission plus record relationships; workflow checks also apply"
"requirements","requirement_type","Requirement type","string","false","{""default"":""procurement"",""type"":""string"",""enum"":[""procurement"",""hiring""]}","Requirements permission plus record relationships; workflow checks also apply"
"requirements","required_date","Required by","string","true","{""type"":""string"",""pattern"":""^\\d{4}-\\d{2}-\\d{2}$""}","Requirements permission plus record relationships; workflow checks also apply"
"requirements","deadline","Response deadline","union","false","{""anyOf"":[{""type"":""string"",""pattern"":""^\\d{4}-\\d{2}-\\d{2}$""},{""type"":""string"",""const"":""""}]}","Requirements permission plus record relationships; workflow checks also apply"
"requirements","budget","Indicative budget","number","false","{""default"":0,""type"":""number"",""minimum"":0,""maximum"":100000000}","Requirements permission plus record relationships; workflow checks also apply"
"requirements","quantity","Quantity","number","false","{""default"":1,""type"":""number"",""minimum"":0,""maximum"":100000000}","Requirements permission plus record relationships; workflow checks also apply"
"requirements","skills","Required skills","string","false","{""default"":"""",""type"":""string"",""maxLength"":3000}","Requirements permission plus record relationships; workflow checks also apply"
"requirements","experience","Experience range","string","false","{""default"":"""",""type"":""string"",""maxLength"":3000}","Requirements permission plus record relationships; workflow checks also apply"
"requirements","notice_period","Maximum notice period","string","false","{""default"":"""",""type"":""string"",""maxLength"":100}","Requirements permission plus record relationships; workflow checks also apply"
"requirements","technology","Technology requirements","string","false","{""default"":"""",""type"":""string"",""maxLength"":3000}","Requirements permission plus record relationships; workflow checks also apply"
"requirements","delivery_requirements","Delivery requirements","string","false","{""default"":"""",""type"":""string"",""maxLength"":3000}","Requirements permission plus record relationships; workflow checks also apply"
"requirements","positions","Open positions","integer","false","{""default"":1,""type"":""integer"",""minimum"":1,""maximum"":10000}","Requirements permission plus record relationships; workflow checks also apply"
"requirements","employment_type","Employment type","string","false","{""default"":""Permanent"",""type"":""string"",""maxLength"":100}","Requirements permission plus record relationships; workflow checks also apply"
"requirements","criteria","Eligible partner criteria","string","false","{""default"":"""",""type"":""string"",""maxLength"":3000}","Requirements permission plus record relationships; workflow checks also apply"
"rfqs","description","Description / scope","string","false","{""default"":"""",""type"":""string"",""maxLength"":10000}","RFQs & RFPs permission plus record relationships; workflow checks also apply"
"rfqs","category","Category","string","false","{""default"":"""",""type"":""string"",""maxLength"":150}","RFQs & RFPs permission plus record relationships; workflow checks also apply"
"rfqs","location","Location","string","false","{""default"":"""",""type"":""string"",""maxLength"":300}","RFQs & RFPs permission plus record relationships; workflow checks also apply"
"rfqs","remarks","remarks","string","false","{""default"":"""",""type"":""string"",""maxLength"":3000}","RFQs & RFPs permission plus record relationships; workflow checks also apply"
"rfqs","solicitation_type","Request type","string","false","{""default"":""RFQ"",""type"":""string"",""enum"":[""RFQ"",""RFP""]}","RFQs & RFPs permission plus record relationships; workflow checks also apply"
"rfqs","scope_of_work","Scope of work & deliverables","string","false","{""default"":"""",""type"":""string"",""maxLength"":10000}","RFQs & RFPs permission plus record relationships; workflow checks also apply"
"rfqs","evaluation_criteria","Evaluation criteria","string","false","{""default"":"""",""type"":""string"",""maxLength"":10000}","RFQs & RFPs permission plus record relationships; workflow checks also apply"
"rfqs","submission_instructions","Proposal submission instructions","string","false","{""default"":"""",""type"":""string"",""maxLength"":10000}","RFQs & RFPs permission plus record relationships; workflow checks also apply"
"rfqs","technical_weight","Technical evaluation weight (%)","integer","false","{""default"":60,""type"":""integer"",""minimum"":0,""maximum"":100}","RFQs & RFPs permission plus record relationships; workflow checks also apply"
"rfqs","deadline","Response deadline","string","true","{""type"":""string"",""pattern"":""^\\d{4}-\\d{2}-\\d{2}$""}","RFQs & RFPs permission plus record relationships; workflow checks also apply"
"rfqs","required_date","Required delivery date","string","true","{""type"":""string"",""pattern"":""^\\d{4}-\\d{2}-\\d{2}$""}","RFQs & RFPs permission plus record relationships; workflow checks also apply"
"rfqs","delivery_address","Delivery address","string","true","{""type"":""string"",""minLength"":1,""maxLength"":3000}","RFQs & RFPs permission plus record relationships; workflow checks also apply"
"rfqs","payment_terms","Payment terms","string","false","{""default"":"""",""type"":""string"",""maxLength"":3000}","RFQs & RFPs permission plus record relationships; workflow checks also apply"
"rfqs","terms","Terms & conditions","string","false","{""default"":"""",""type"":""string"",""maxLength"":10000}","RFQs & RFPs permission plus record relationships; workflow checks also apply"
"rfqs","eligibility","Partner eligibility","string","false","{""default"":"""",""type"":""string"",""maxLength"":3000}","RFQs & RFPs permission plus record relationships; workflow checks also apply"
"quotations","description","Description / scope","string","false","{""default"":"""",""type"":""string"",""maxLength"":10000}","Quotations permission plus record relationships; workflow checks also apply"
"quotations","category","category","string","false","{""default"":"""",""type"":""string"",""maxLength"":150}","Quotations permission plus record relationships; workflow checks also apply"
"quotations","location","location","string","false","{""default"":"""",""type"":""string"",""maxLength"":300}","Quotations permission plus record relationships; workflow checks also apply"
"quotations","remarks","Commercial remarks","string","false","{""default"":"""",""type"":""string"",""maxLength"":3000}","Quotations permission plus record relationships; workflow checks also apply"
"quotations","technical_proposal","Technical proposal","string","false","{""default"":"""",""type"":""string"",""maxLength"":10000}","Quotations permission plus record relationships; workflow checks also apply"
"quotations","implementation_plan","Implementation plan","string","false","{""default"":"""",""type"":""string"",""maxLength"":10000}","Quotations permission plus record relationships; workflow checks also apply"
"quotations","assumptions","Assumptions & exclusions","string","false","{""default"":"""",""type"":""string"",""maxLength"":10000}","Quotations permission plus record relationships; workflow checks also apply"
"quotations","compliance_response","Compliance response","string","false","{""default"":"""",""type"":""string"",""maxLength"":10000}","Quotations permission plus record relationships; workflow checks also apply"
"quotations","delivery_date","Promised delivery date","string","true","{""type"":""string"",""pattern"":""^\\d{4}-\\d{2}-\\d{2}$""}","Quotations permission plus record relationships; workflow checks also apply"
"quotations","validity","Valid until","string","true","{""type"":""string"",""pattern"":""^\\d{4}-\\d{2}-\\d{2}$""}","Quotations permission plus record relationships; workflow checks also apply"
"quotations","payment_terms","Payment terms","string","true","{""type"":""string"",""minLength"":1,""maxLength"":3000}","Quotations permission plus record relationships; workflow checks also apply"
"quotations","warranty","Warranty","string","false","{""default"":"""",""type"":""string"",""maxLength"":3000}","Quotations permission plus record relationships; workflow checks also apply"
"quotations","delivery_charges","Delivery charges","number","false","{""default"":0,""type"":""number"",""minimum"":0,""maximum"":100000000}","Quotations permission plus record relationships; workflow checks also apply"
"quotations","terms","Terms & conditions","string","false","{""default"":"""",""type"":""string"",""maxLength"":10000}","Quotations permission plus record relationships; workflow checks also apply"
"orders","description","Description / scope","string","false","{""default"":"""",""type"":""string"",""maxLength"":10000}","Purchase orders permission plus record relationships; workflow checks also apply"
"orders","category","category","string","false","{""default"":"""",""type"":""string"",""maxLength"":150}","Purchase orders permission plus record relationships; workflow checks also apply"
"orders","location","location","string","false","{""default"":"""",""type"":""string"",""maxLength"":300}","Purchase orders permission plus record relationships; workflow checks also apply"
"orders","remarks","remarks","string","false","{""default"":"""",""type"":""string"",""maxLength"":3000}","Purchase orders permission plus record relationships; workflow checks also apply"
"orders","delivery_date","Delivery date","string","true","{""type"":""string"",""pattern"":""^\\d{4}-\\d{2}-\\d{2}$""}","Purchase orders permission plus record relationships; workflow checks also apply"
"orders","delivery_address","Delivery address","string","true","{""type"":""string"",""minLength"":1,""maxLength"":3000}","Purchase orders permission plus record relationships; workflow checks also apply"
"orders","payment_terms","Payment terms","string","true","{""type"":""string"",""minLength"":1,""maxLength"":3000}","Purchase orders permission plus record relationships; workflow checks also apply"
"orders","terms","Terms & conditions","string","false","{""default"":"""",""type"":""string"",""maxLength"":10000}","Purchase orders permission plus record relationships; workflow checks also apply"
"orders","delivery_charges","delivery_charges","number","false","{""default"":0,""type"":""number"",""minimum"":0,""maximum"":100000000}","Purchase orders permission plus record relationships; workflow checks also apply"
"deliveries","description","Description / scope","string","false","{""default"":"""",""type"":""string"",""maxLength"":10000}","Deliveries permission plus record relationships; workflow checks also apply"
"deliveries","category","category","string","false","{""default"":"""",""type"":""string"",""maxLength"":150}","Deliveries permission plus record relationships; workflow checks also apply"
"deliveries","location","location","string","false","{""default"":"""",""type"":""string"",""maxLength"":300}","Deliveries permission plus record relationships; workflow checks also apply"
"deliveries","remarks","remarks","string","false","{""default"":"""",""type"":""string"",""maxLength"":3000}","Deliveries permission plus record relationships; workflow checks also apply"
"deliveries","carrier","Carrier / logistics provider","string","true","{""type"":""string"",""minLength"":1,""maxLength"":3000}","Deliveries permission plus record relationships; workflow checks also apply"
"deliveries","tracking_number","Tracking number","string","true","{""type"":""string"",""minLength"":1,""maxLength"":3000}","Deliveries permission plus record relationships; workflow checks also apply"
"deliveries","expected_date","Expected delivery date","string","true","{""type"":""string"",""pattern"":""^\\d{4}-\\d{2}-\\d{2}$""}","Deliveries permission plus record relationships; workflow checks also apply"
"deliveries","dispatched_date","Dispatch date","union","false","{""anyOf"":[{""type"":""string"",""pattern"":""^\\d{4}-\\d{2}-\\d{2}$""},{""type"":""string"",""const"":""""}]}","Deliveries permission plus record relationships; workflow checks also apply"
"deliveries","received_by","Received by","string","false","{""default"":"""",""type"":""string"",""maxLength"":3000}","Deliveries permission plus record relationships; workflow checks also apply"
"deliveries","proof_of_delivery","Delivery confirmation notes","string","false","{""default"":"""",""type"":""string"",""maxLength"":3000}","Deliveries permission plus record relationships; workflow checks also apply"
"contracts","description","Description / scope","string","false","{""default"":"""",""type"":""string"",""maxLength"":10000}","Contracts permission plus record relationships; workflow checks also apply"
"contracts","category","category","string","false","{""default"":"""",""type"":""string"",""maxLength"":150}","Contracts permission plus record relationships; workflow checks also apply"
"contracts","location","location","string","false","{""default"":"""",""type"":""string"",""maxLength"":300}","Contracts permission plus record relationships; workflow checks also apply"
"contracts","remarks","remarks","string","false","{""default"":"""",""type"":""string"",""maxLength"":3000}","Contracts permission plus record relationships; workflow checks also apply"
"contracts","contract_type","Contract type","string","false","{""default"":""Master service agreement"",""type"":""string"",""enum"":[""Master service agreement"",""Supply agreement"",""Recruitment agreement"",""NDA"",""Statement of work"",""Other""]}","Contracts permission plus record relationships; workflow checks also apply"
"contracts","start_date","Effective date","string","true","{""type"":""string"",""pattern"":""^\\d{4}-\\d{2}-\\d{2}$""}","Contracts permission plus record relationships; workflow checks also apply"
"contracts","end_date","End date","string","true","{""type"":""string"",""pattern"":""^\\d{4}-\\d{2}-\\d{2}$""}","Contracts permission plus record relationships; workflow checks also apply"
"contracts","renewal_notice_days","Renewal notice (days)","integer","false","{""default"":30,""type"":""integer"",""minimum"":1,""maximum"":365}","Contracts permission plus record relationships; workflow checks also apply"
"contracts","auto_renew","Auto-renewal agreed in contract","boolean","false","{""default"":false,""type"":""boolean""}","Contracts permission plus record relationships; workflow checks also apply"
"contracts","payment_terms","Payment terms","string","false","{""default"":"""",""type"":""string"",""maxLength"":3000}","Contracts permission plus record relationships; workflow checks also apply"
"contracts","terms","Terms & conditions","string","false","{""default"":"""",""type"":""string"",""maxLength"":10000}","Contracts permission plus record relationships; workflow checks also apply"
"contracts","delivery_charges","delivery_charges","number","false","{""default"":0,""type"":""number"",""minimum"":0,""maximum"":100000000}","Contracts permission plus record relationships; workflow checks also apply"
"contracts","amendment","amendment","string","false","{""default"":"""",""type"":""string"",""maxLength"":3000}","Contracts permission plus record relationships; workflow checks also apply"
"invoices","description","Description / scope","string","false","{""default"":"""",""type"":""string"",""maxLength"":10000}","Invoices permission plus record relationships; workflow checks also apply"
"invoices","category","category","string","false","{""default"":"""",""type"":""string"",""maxLength"":150}","Invoices permission plus record relationships; workflow checks also apply"
"invoices","location","location","string","false","{""default"":"""",""type"":""string"",""maxLength"":300}","Invoices permission plus record relationships; workflow checks also apply"
"invoices","remarks","remarks","string","false","{""default"":"""",""type"":""string"",""maxLength"":3000}","Invoices permission plus record relationships; workflow checks also apply"
"invoices","invoice_number","Your invoice number","string","true","{""type"":""string"",""minLength"":1,""maxLength"":3000}","Invoices permission plus record relationships; workflow checks also apply"
"invoices","invoice_date","Invoice date","string","true","{""type"":""string"",""pattern"":""^\\d{4}-\\d{2}-\\d{2}$""}","Invoices permission plus record relationships; workflow checks also apply"
"invoices","due_date","Due date","string","true","{""type"":""string"",""pattern"":""^\\d{4}-\\d{2}-\\d{2}$""}","Invoices permission plus record relationships; workflow checks also apply"
"invoices","payment_terms","Payment terms","string","false","{""default"":"""",""type"":""string"",""maxLength"":3000}","Invoices permission plus record relationships; workflow checks also apply"
"invoices","bank_name","Bank name","string","false","{""default"":"""",""type"":""string"",""maxLength"":200}","Invoices permission plus record relationships; workflow checks also apply"
"invoices","bank_account_last4","Account last 4 digits","union","false","{""default"":"""",""anyOf"":[{""type"":""string"",""pattern"":""^\\d{4}$""},{""type"":""string"",""const"":""""}]}","Invoices permission plus record relationships; workflow checks also apply"
"invoices","bank_ifsc","IFSC / routing code","string","false","{""default"":"""",""type"":""string"",""maxLength"":20}","Invoices permission plus record relationships; workflow checks also apply"
"invoices","delivery_charges","Invoiced delivery charges","number","false","{""default"":0,""type"":""number"",""minimum"":0,""maximum"":100000000}","Invoices permission plus record relationships; workflow checks also apply"
"payments","description","description","string","false","{""default"":"""",""type"":""string"",""maxLength"":10000}","Payments permission plus record relationships; workflow checks also apply"
"payments","category","category","string","false","{""default"":"""",""type"":""string"",""maxLength"":150}","Payments permission plus record relationships; workflow checks also apply"
"payments","location","location","string","false","{""default"":"""",""type"":""string"",""maxLength"":300}","Payments permission plus record relationships; workflow checks also apply"
"payments","remarks","Payment notes","string","false","{""default"":"""",""type"":""string"",""maxLength"":3000}","Payments permission plus record relationships; workflow checks also apply"
"payments","amount","Payment amount","number","true","{""type"":""number"",""exclusiveMinimum"":0,""maximum"":1000000000000}","Payments permission plus record relationships; workflow checks also apply"
"payments","reference","Payment reference","string","true","{""type"":""string"",""minLength"":3,""maxLength"":200}","Payments permission plus record relationships; workflow checks also apply"
"payments","transaction_id","Bank transaction ID","string","true","{""type"":""string"",""minLength"":3,""maxLength"":200}","Payments permission plus record relationships; workflow checks also apply"
"payments","payment_date","Payment date","string","true","{""type"":""string"",""pattern"":""^\\d{4}-\\d{2}-\\d{2}$""}","Payments permission plus record relationships; workflow checks also apply"
"payments","method","Payment method","string","false","{""default"":""Bank transfer"",""type"":""string"",""enum"":[""Bank transfer"",""NEFT"",""RTGS"",""IMPS"",""UPI"",""Cheque"",""Other""]}","Payments permission plus record relationships; workflow checks also apply"
"catalog","description","Description / scope","string","false","{""default"":"""",""type"":""string"",""maxLength"":10000}","Products & services permission plus record relationships; workflow checks also apply"
"catalog","category","Category","string","false","{""default"":"""",""type"":""string"",""maxLength"":150}","Products & services permission plus record relationships; workflow checks also apply"
"catalog","location","location","string","false","{""default"":"""",""type"":""string"",""maxLength"":300}","Products & services permission plus record relationships; workflow checks also apply"
"catalog","remarks","remarks","string","false","{""default"":"""",""type"":""string"",""maxLength"":3000}","Products & services permission plus record relationships; workflow checks also apply"
"catalog","item_type","Catalog type","string","false","{""default"":""Product"",""type"":""string"",""enum"":[""Product"",""Service"",""Technology""]}","Products & services permission plus record relationships; workflow checks also apply"
"catalog","sku","SKU / service code","string","true","{""type"":""string"",""minLength"":1,""maxLength"":100}","Products & services permission plus record relationships; workflow checks also apply"
"catalog","specifications","Specifications / capabilities","string","false","{""default"":"""",""type"":""string"",""maxLength"":3000}","Products & services permission plus record relationships; workflow checks also apply"
"catalog","unit","Unit of measure","string","false","{""default"":""units"",""type"":""string"",""maxLength"":30}","Products & services permission plus record relationships; workflow checks also apply"
"catalog","price","Unit price / rate","number","false","{""default"":0,""type"":""number"",""minimum"":0,""maximum"":100000000}","Products & services permission plus record relationships; workflow checks also apply"
"catalog","tax","Tax (%)","number","false","{""default"":18,""type"":""number"",""minimum"":0,""maximum"":100}","Products & services permission plus record relationships; workflow checks also apply"
"catalog","moq","Minimum order quantity","number","false","{""default"":1,""type"":""number"",""exclusiveMinimum"":0,""maximum"":1000000}","Products & services permission plus record relationships; workflow checks also apply"
"catalog","lead_time","Lead time","string","false","{""default"":"""",""type"":""string"",""maxLength"":100}","Products & services permission plus record relationships; workflow checks also apply"
"catalog","availability","Available quantity","number","false","{""default"":0,""type"":""number"",""minimum"":0,""maximum"":100000000}","Products & services permission plus record relationships; workflow checks also apply"
"catalog","warranty","Warranty","string","false","{""default"":"""",""type"":""string"",""maxLength"":3000}","Products & services permission plus record relationships; workflow checks also apply"
"catalog","delivery_locations","Service / delivery locations","string","false","{""default"":"""",""type"":""string"",""maxLength"":3000}","Products & services permission plus record relationships; workflow checks also apply"
"catalog","technologies","Technologies","string","false","{""default"":"""",""type"":""string"",""maxLength"":3000}","Products & services permission plus record relationships; workflow checks also apply"
"catalog","integrations","APIs & integrations","string","false","{""default"":"""",""type"":""string"",""maxLength"":3000}","Products & services permission plus record relationships; workflow checks also apply"
"catalog","documentation_url","Documentation URL","string","false","{""type"":""string"",""maxLength"":2000}","Products & services permission plus record relationships; workflow checks also apply"
"catalog","demo_url","Demo URL","string","false","{""type"":""string"",""maxLength"":2000}","Products & services permission plus record relationships; workflow checks also apply"
"catalog","certifications","Certifications","string","false","{""default"":"""",""type"":""string"",""maxLength"":3000}","Products & services permission plus record relationships; workflow checks also apply"
"candidates","description","description","string","false","{""default"":"""",""type"":""string"",""maxLength"":10000}","Candidates permission plus record relationships; workflow checks also apply"
"candidates","category","category","string","false","{""default"":"""",""type"":""string"",""maxLength"":150}","Candidates permission plus record relationships; workflow checks also apply"
"candidates","location","Location","string","false","{""default"":"""",""type"":""string"",""maxLength"":300}","Candidates permission plus record relationships; workflow checks also apply"
"candidates","remarks","remarks","string","false","{""default"":"""",""type"":""string"",""maxLength"":3000}","Candidates permission plus record relationships; workflow checks also apply"
"candidates","email","Candidate email","string","true","{""type"":""string"",""maxLength"":254,""format"":""email"",""pattern"":""^(?:[A-Za-z0-9_'+\\-]+\\.)*[A-Za-z0-9_'+\\-]*[A-Za-z0-9_+-]@(?:[A-Za-z0-9][A-Za-z0-9\\-]*\\.)+[A-Za-z]{2,}$""}","Candidates permission plus record relationships; workflow checks also apply"
"candidates","phone","Phone number","string","true","{""type"":""string"",""maxLength"":40}","Candidates permission plus record relationships; workflow checks also apply"
"candidates","skills","Skills","string","true","{""type"":""string"",""minLength"":1,""maxLength"":3000}","Candidates permission plus record relationships; workflow checks also apply"
"candidates","experience","Experience (years)","number","true","{""type"":""number"",""minimum"":0,""maximum"":70}","Candidates permission plus record relationships; workflow checks also apply"
"candidates","notice_period","Notice period","string","true","{""type"":""string"",""minLength"":1,""maxLength"":100}","Candidates permission plus record relationships; workflow checks also apply"
"candidates","current_compensation","Current annual compensation","number","false","{""default"":0,""type"":""number"",""minimum"":0,""maximum"":100000000}","Candidates permission plus record relationships; workflow checks also apply"
"candidates","expected_compensation","Expected annual compensation","number","false","{""default"":0,""type"":""number"",""minimum"":0,""maximum"":100000000}","Candidates permission plus record relationships; workflow checks also apply"
"candidates","availability","Available from","string","true","{""type"":""string"",""pattern"":""^\\d{4}-\\d{2}-\\d{2}$""}","Candidates permission plus record relationships; workflow checks also apply"
"candidates","recruiter_notes","Recruiter notes","string","false","{""default"":"""",""type"":""string"",""maxLength"":3000}","Candidates permission plus record relationships; workflow checks also apply"
"candidates","consent","I confirm this candidate has consented to sharing their information for this hiring requirement.","boolean","true","{""type"":""boolean"",""const"":true}","Candidates permission plus record relationships; workflow checks also apply"
"candidates","offer_date","Offer date","union","false","{""anyOf"":[{""type"":""string"",""pattern"":""^\\d{4}-\\d{2}-\\d{2}$""},{""type"":""string"",""const"":""""}]}","Candidates permission plus record relationships; workflow checks also apply"
"candidates","offer_compensation","Offered annual compensation","number","false","{""type"":""number"",""minimum"":0,""maximum"":100000000}","Candidates permission plus record relationships; workflow checks also apply"
"candidates","bgv_status","Background verification","string","false","{""default"":""Not started"",""type"":""string"",""enum"":[""Not started"",""In progress"",""Clear"",""Requires review""]}","Candidates permission plus record relationships; workflow checks also apply"
"candidates","joining_date","Joining date","union","false","{""anyOf"":[{""type"":""string"",""pattern"":""^\\d{4}-\\d{2}-\\d{2}$""},{""type"":""string"",""const"":""""}]}","Candidates permission plus record relationships; workflow checks also apply"
"interviews","description","Description / scope","string","false","{""default"":"""",""type"":""string"",""maxLength"":10000}","Interviews permission plus record relationships; workflow checks also apply"
"interviews","category","category","string","false","{""default"":"""",""type"":""string"",""maxLength"":150}","Interviews permission plus record relationships; workflow checks also apply"
"interviews","location","Location","string","false","{""default"":"""",""type"":""string"",""maxLength"":300}","Interviews permission plus record relationships; workflow checks also apply"
"interviews","remarks","remarks","string","false","{""default"":"""",""type"":""string"",""maxLength"":3000}","Interviews permission plus record relationships; workflow checks also apply"
"interviews","scheduled_at","Interview date & time","string","true","{""type"":""string"",""format"":""date-time"",""pattern"":""^(?:(?:\\d\\d[2468][048]|\\d\\d[13579][26]|\\d\\d0[48]|[02468][048]00|[13579][26]00)-02-29|\\d{4}-(?:(?:0[13578]|1[02])-(?:0[1-9]|[12]\\d|3[01])|(?:0[469]|11)-(?:0[1-9]|[12]\\d|30)|(?:02)-(?:0[1-9]|1\\d|2[0-8])))T(?:(?:[01]\\d|2[0-3]):[0-5]\\d:[0-5]\\d(?:\\.\\d+)?(?:Z|([+-](?:[01]\\d|2[0-3]):[0-5]\\d)))$""}","Interviews permission plus record relationships; workflow checks also apply"
"interviews","duration","Duration (minutes)","integer","false","{""default"":60,""type"":""integer"",""minimum"":15,""maximum"":480}","Interviews permission plus record relationships; workflow checks also apply"
"interviews","interviewer","Interviewer","string","true","{""type"":""string"",""minLength"":1,""maxLength"":3000}","Interviews permission plus record relationships; workflow checks also apply"
"interviews","meeting_link","Meeting link","string","false","{""type"":""string"",""maxLength"":2000}","Interviews permission plus record relationships; workflow checks also apply"
"interviews","feedback","Interview feedback","string","false","{""default"":"""",""type"":""string"",""maxLength"":3000}","Interviews permission plus record relationships; workflow checks also apply"
"interviews","recommendation","Recommendation","string","false","{""default"":""Pending"",""type"":""string"",""enum"":[""Pending"",""Proceed"",""Hold"",""Reject""]}","Interviews permission plus record relationships; workflow checks also apply"
"engagements","description","Description / scope","string","false","{""default"":"""",""type"":""string"",""maxLength"":10000}","Staffing engagements permission plus record relationships; workflow checks also apply"
"engagements","category","category","string","false","{""default"":"""",""type"":""string"",""maxLength"":150}","Staffing engagements permission plus record relationships; workflow checks also apply"
"engagements","location","Location","string","false","{""default"":"""",""type"":""string"",""maxLength"":300}","Staffing engagements permission plus record relationships; workflow checks also apply"
"engagements","remarks","remarks","string","false","{""default"":"""",""type"":""string"",""maxLength"":3000}","Staffing engagements permission plus record relationships; workflow checks also apply"
"engagements","resource_name","Resource name","string","true","{""type"":""string"",""minLength"":1,""maxLength"":3000}","Staffing engagements permission plus record relationships; workflow checks also apply"
"engagements","designation","Designation","string","true","{""type"":""string"",""minLength"":1,""maxLength"":3000}","Staffing engagements permission plus record relationships; workflow checks also apply"
"engagements","start_date","Start date","string","true","{""type"":""string"",""pattern"":""^\\d{4}-\\d{2}-\\d{2}$""}","Staffing engagements permission plus record relationships; workflow checks also apply"
"engagements","end_date","End date","string","true","{""type"":""string"",""pattern"":""^\\d{4}-\\d{2}-\\d{2}$""}","Staffing engagements permission plus record relationships; workflow checks also apply"
"engagements","rate","Agreed rate","number","true","{""type"":""number"",""minimum"":0,""maximum"":100000000}","Staffing engagements permission plus record relationships; workflow checks also apply"
"engagements","rate_unit","Rate per","string","false","{""default"":""month"",""type"":""string"",""enum"":[""hour"",""day"",""month""]}","Staffing engagements permission plus record relationships; workflow checks also apply"
"engagements","manager","Reporting manager","string","true","{""type"":""string"",""minLength"":1,""maxLength"":3000}","Staffing engagements permission plus record relationships; workflow checks also apply"
"timesheets","description","description","string","false","{""default"":"""",""type"":""string"",""maxLength"":10000}","Timesheets permission plus record relationships; workflow checks also apply"
"timesheets","category","category","string","false","{""default"":"""",""type"":""string"",""maxLength"":150}","Timesheets permission plus record relationships; workflow checks also apply"
"timesheets","location","location","string","false","{""default"":"""",""type"":""string"",""maxLength"":300}","Timesheets permission plus record relationships; workflow checks also apply"
"timesheets","remarks","remarks","string","false","{""default"":"""",""type"":""string"",""maxLength"":3000}","Timesheets permission plus record relationships; workflow checks also apply"
"timesheets","period_start","Period start","string","true","{""type"":""string"",""pattern"":""^\\d{4}-\\d{2}-\\d{2}$""}","Timesheets permission plus record relationships; workflow checks also apply"
"timesheets","period_end","Period end","string","true","{""type"":""string"",""pattern"":""^\\d{4}-\\d{2}-\\d{2}$""}","Timesheets permission plus record relationships; workflow checks also apply"
"timesheets","hours","Hours worked","number","true","{""type"":""number"",""exclusiveMinimum"":0,""maximum"":744}","Timesheets permission plus record relationships; workflow checks also apply"
"timesheets","work_summary","Work completed","string","true","{""type"":""string"",""minLength"":1,""maxLength"":3000}","Timesheets permission plus record relationships; workflow checks also apply"
"milestones","description","Description / scope","string","false","{""default"":"""",""type"":""string"",""maxLength"":10000}","Service milestones permission plus record relationships; workflow checks also apply"
"milestones","category","category","string","false","{""default"":"""",""type"":""string"",""maxLength"":150}","Service milestones permission plus record relationships; workflow checks also apply"
"milestones","location","location","string","false","{""default"":"""",""type"":""string"",""maxLength"":300}","Service milestones permission plus record relationships; workflow checks also apply"
"milestones","remarks","remarks","string","false","{""default"":"""",""type"":""string"",""maxLength"":3000}","Service milestones permission plus record relationships; workflow checks also apply"
"milestones","due_date","Due date","string","true","{""type"":""string"",""pattern"":""^\\d{4}-\\d{2}-\\d{2}$""}","Service milestones permission plus record relationships; workflow checks also apply"
"milestones","deliverable","Expected deliverable","string","true","{""type"":""string"",""minLength"":1,""maxLength"":3000}","Service milestones permission plus record relationships; workflow checks also apply"
"milestones","amount","Milestone value","number","false","{""default"":0,""type"":""number"",""minimum"":0,""maximum"":100000000}","Service milestones permission plus record relationships; workflow checks also apply"
"milestones","completion_notes","Completion / revision notes","string","false","{""default"":"""",""type"":""string"",""maxLength"":3000}","Service milestones permission plus record relationships; workflow checks also apply"
"demos","description","Description / scope","string","false","{""default"":"""",""type"":""string"",""maxLength"":10000}","Demo requests permission plus record relationships; workflow checks also apply"
"demos","category","category","string","false","{""default"":"""",""type"":""string"",""maxLength"":150}","Demo requests permission plus record relationships; workflow checks also apply"
"demos","location","location","string","false","{""default"":"""",""type"":""string"",""maxLength"":300}","Demo requests permission plus record relationships; workflow checks also apply"
"demos","remarks","remarks","string","false","{""default"":"""",""type"":""string"",""maxLength"":3000}","Demo requests permission plus record relationships; workflow checks also apply"
"demos","contact_name","Contact name","string","true","{""type"":""string"",""minLength"":1,""maxLength"":3000}","Demo requests permission plus record relationships; workflow checks also apply"
"demos","contact_email","Contact email","string","true","{""type"":""string"",""format"":""email"",""pattern"":""^(?:[A-Za-z0-9_'+\\-]+\\.)*[A-Za-z0-9_'+\\-]*[A-Za-z0-9_+-]@(?:[A-Za-z0-9][A-Za-z0-9\\-]*\\.)+[A-Za-z]{2,}$""}","Demo requests permission plus record relationships; workflow checks also apply"
"demos","preferred_date","Preferred date","string","true","{""type"":""string"",""pattern"":""^\\d{4}-\\d{2}-\\d{2}$""}","Demo requests permission plus record relationships; workflow checks also apply"
"demos","scheduled_at","Confirmed date & time","union","false","{""default"":"""",""anyOf"":[{""type"":""string"",""format"":""date-time"",""pattern"":""^(?:(?:\\d\\d[2468][048]|\\d\\d[13579][26]|\\d\\d0[48]|[02468][048]00|[13579][26]00)-02-29|\\d{4}-(?:(?:0[13578]|1[02])-(?:0[1-9]|[12]\\d|3[01])|(?:0[469]|11)-(?:0[1-9]|[12]\\d|30)|(?:02)-(?:0[1-9]|1\\d|2[0-8])))T(?:(?:[01]\\d|2[0-3]):[0-5]\\d:[0-5]\\d(?:\\.\\d+)?(?:Z|([+-](?:[01]\\d|2[0-3]):[0-5]\\d)))$""},{""type"":""string"",""const"":""""}]}","Demo requests permission plus record relationships; workflow checks also apply"
"demos","meeting_link","Meeting link","string","false","{""type"":""string"",""maxLength"":2000}","Demo requests permission plus record relationships; workflow checks also apply"
"demos","use_case","What would you like to explore?","string","true","{""type"":""string"",""minLength"":1,""maxLength"":3000}","Demo requests permission plus record relationships; workflow checks also apply"
"performance","description","description","string","false","{""default"":"""",""type"":""string"",""maxLength"":10000}","Partner performance permission plus record relationships; workflow checks also apply"
"performance","category","category","string","false","{""default"":"""",""type"":""string"",""maxLength"":150}","Partner performance permission plus record relationships; workflow checks also apply"
"performance","location","location","string","false","{""default"":"""",""type"":""string"",""maxLength"":300}","Partner performance permission plus record relationships; workflow checks also apply"
"performance","remarks","remarks","string","false","{""default"":"""",""type"":""string"",""maxLength"":3000}","Partner performance permission plus record relationships; workflow checks also apply"
"performance","quality","Quality","integer","true","{""type"":""integer"",""minimum"":1,""maximum"":5}","Partner performance permission plus record relationships; workflow checks also apply"
"performance","delivery","Delivery","integer","true","{""type"":""integer"",""minimum"":1,""maximum"":5}","Partner performance permission plus record relationships; workflow checks also apply"
"performance","communication","Communication","integer","true","{""type"":""integer"",""minimum"":1,""maximum"":5}","Partner performance permission plus record relationships; workflow checks also apply"
"performance","value","Value for money","integer","true","{""type"":""integer"",""minimum"":1,""maximum"":5}","Partner performance permission plus record relationships; workflow checks also apply"
"performance","feedback","Partner feedback","string","true","{""type"":""string"",""minLength"":1,""maxLength"":3000}","Partner performance permission plus record relationships; workflow checks also apply"
"performance","review_date","Review date","string","true","{""type"":""string"",""pattern"":""^\\d{4}-\\d{2}-\\d{2}$""}","Partner performance permission plus record relationships; workflow checks also apply"
"tickets","description","Description / scope","string","true","{""type"":""string"",""minLength"":1,""maxLength"":3000}","Support permission plus record relationships; workflow checks also apply"
"tickets","category","Category","string","false","{""default"":""Other"",""type"":""string"",""enum"":[""Account & access"",""Verification"",""Procurement"",""Finance"",""Recruitment"",""Technical issue"",""Other""]}","Support permission plus record relationships; workflow checks also apply"
"tickets","location","location","string","false","{""default"":"""",""type"":""string"",""maxLength"":300}","Support permission plus record relationships; workflow checks also apply"
"tickets","remarks","remarks","string","false","{""default"":"""",""type"":""string"",""maxLength"":3000}","Support permission plus record relationships; workflow checks also apply"
"tickets","priority","Priority","string","false","{""default"":""normal"",""type"":""string"",""enum"":[""low"",""normal"",""high"",""urgent""]}","Support permission plus record relationships; workflow checks also apply"
"tickets","assigned_team","Assigned team","string","false","{""default"":""Support"",""type"":""string"",""enum"":[""Support"",""Verification"",""Procurement"",""Finance"",""Recruitment""]}","Support permission plus record relationships; workflow checks also apply"
"tickets","resolution","Resolution notes","string","false","{""default"":"""",""type"":""string"",""maxLength"":3000}","Support permission plus record relationships; workflow checks also apply"