"report","dataset","measurement_scope","field","label","format","source_tables"
"executive","summary","mixed","metric","Metric key","text","organizations; records; documents"
"executive","summary","mixed","label","Metric","text","organizations; records; documents"
"executive","summary","mixed","value","Value","decimal","organizations; records; documents"
"executive","summary","mixed","format","Value format","text","organizations; records; documents"
"executive","summary","mixed","currency","Currency","text","organizations; records; documents"
"executive","summary","mixed","scope","Measurement scope","text","organizations; records; documents"
"executive","summary","mixed","definition","Calculation","text","organizations; records; documents"
"executive","metrics","mixed","metric","Metric key","text","organizations; records; documents"
"executive","metrics","mixed","label","Metric","text","organizations; records; documents"
"executive","metrics","mixed","value","Value","decimal","organizations; records; documents"
"executive","metrics","mixed","format","Value format","text","organizations; records; documents"
"executive","metrics","mixed","currency","Currency","text","organizations; records; documents"
"executive","metrics","mixed","scope","Measurement scope","text","organizations; records; documents"
"executive","metrics","mixed","definition","Calculation","text","organizations; records; documents"
"executive","trend","period","month","Month","text","organizations; records; documents"
"executive","trend","period","records","Records","number","organizations; records; documents"
"executive","distribution","period","category","Category","text","organizations; records; documents"
"executive","distribution","period","records","Records","number","organizations; records; documents"
"partners","summary","current","organization_type","Organization type","text","organizations"
"partners","summary","current","status","Current status","text","organizations"
"partners","summary","current","organizations","Organizations","number","organizations"
"partners","metrics","mixed","metric","Metric key","text","organizations"
"partners","metrics","mixed","label","Metric","text","organizations"
"partners","metrics","mixed","value","Value","decimal","organizations"
"partners","metrics","mixed","format","Value format","text","organizations"
"partners","metrics","mixed","currency","Currency","text","organizations"
"partners","metrics","mixed","scope","Measurement scope","text","organizations"
"partners","metrics","mixed","definition","Calculation","text","organizations"
"partners","trend","period","month","Month","text","organizations"
"partners","trend","period","records","Records","number","organizations"
"partners","distribution","current","category","Category","text","organizations"
"partners","distribution","current","records","Records","number","organizations"
"partners","verification","current","status","Verification status","text","organizations"
"partners","verification","current","organizations","Organizations","number","organizations"
"procurement","summary","period","module","Module","text","records; record_invitations"
"procurement","summary","period","status","Status","text","records; record_invitations"
"procurement","summary","period","requirement_type","Requirement type","text","records; record_invitations"
"procurement","summary","period","currency","Currency","text","records; record_invitations"
"procurement","summary","period","records","Records","number","records; record_invitations"
"procurement","summary","period","amount_minor","Recorded value","money","records; record_invitations"
"procurement","metrics","mixed","metric","Metric key","text","records; record_invitations"
"procurement","metrics","mixed","label","Metric","text","records; record_invitations"
"procurement","metrics","mixed","value","Value","decimal","records; record_invitations"
"procurement","metrics","mixed","format","Value format","text","records; record_invitations"
"procurement","metrics","mixed","currency","Currency","text","records; record_invitations"
"procurement","metrics","mixed","scope","Measurement scope","text","records; record_invitations"
"procurement","metrics","mixed","definition","Calculation","text","records; record_invitations"
"procurement","trend","period","month","Month","text","records; record_invitations"
"procurement","trend","period","records","Records","number","records; record_invitations"
"procurement","distribution","period","category","Category","text","records; record_invitations"
"procurement","distribution","period","records","Records","number","records; record_invitations"
"performance","summary","period","partner","Partner","text","records; record_invitations; organizations; audit_logs"
"performance","summary","period","orders","Approved orders","number","records; record_invitations; organizations; audit_logs"
"performance","summary","period","completed_orders","Completed orders","number","records; record_invitations; organizations; audit_logs"
"performance","summary","period","confirmed_deliveries","Confirmed deliveries","number","records; record_invitations; organizations; audit_logs"
"performance","summary","period","rated_deliveries","Delivery samples","number","records; record_invitations; organizations; audit_logs"
"performance","summary","period","on_time_deliveries","On-time deliveries","number","records; record_invitations; organizations; audit_logs"
"performance","summary","period","on_time_rate","On-time rate","percent","records; record_invitations; organizations; audit_logs"
"performance","summary","period","published_reviews","Published reviews","number","records; record_invitations; organizations; audit_logs"
"performance","summary","period","average_rating","Average rating","decimal","records; record_invitations; organizations; audit_logs"
"performance","summary","period","invitations","RFQ invitations","number","records; record_invitations; organizations; audit_logs"
"performance","summary","period","responses","Responses","number","records; record_invitations; organizations; audit_logs"
"performance","summary","period","response_rate","Response rate","percent","records; record_invitations; organizations; audit_logs"
"performance","metrics","mixed","metric","Metric key","text","records; record_invitations; organizations; audit_logs"
"performance","metrics","mixed","label","Metric","text","records; record_invitations; organizations; audit_logs"
"performance","metrics","mixed","value","Value","decimal","records; record_invitations; organizations; audit_logs"
"performance","metrics","mixed","format","Value format","text","records; record_invitations; organizations; audit_logs"
"performance","metrics","mixed","currency","Currency","text","records; record_invitations; organizations; audit_logs"
"performance","metrics","mixed","scope","Measurement scope","text","records; record_invitations; organizations; audit_logs"
"performance","metrics","mixed","definition","Calculation","text","records; record_invitations; organizations; audit_logs"
"performance","trend","period","month","Month","text","records; record_invitations; organizations; audit_logs"
"performance","trend","period","records","Records","number","records; record_invitations; organizations; audit_logs"
"performance","distribution","period","category","Category","text","records; record_invitations; organizations; audit_logs"
"performance","distribution","period","records","Records","number","records; record_invitations; organizations; audit_logs"
"recruitment","summary","period","module","Module","text","records"
"recruitment","summary","period","status","Status","text","records"
"recruitment","summary","period","requirement_type","Requirement type","text","records"
"recruitment","summary","period","currency","Currency","text","records"
"recruitment","summary","period","records","Records","number","records"
"recruitment","summary","period","amount_minor","Recorded value","money","records"
"recruitment","metrics","mixed","metric","Metric key","text","records"
"recruitment","metrics","mixed","label","Metric","text","records"
"recruitment","metrics","mixed","value","Value","decimal","records"
"recruitment","metrics","mixed","format","Value format","text","records"
"recruitment","metrics","mixed","currency","Currency","text","records"
"recruitment","metrics","mixed","scope","Measurement scope","text","records"
"recruitment","metrics","mixed","definition","Calculation","text","records"
"recruitment","trend","period","month","Month","text","records"
"recruitment","trend","period","records","Records","number","records"
"recruitment","distribution","period","category","Category","text","records"
"recruitment","distribution","period","records","Records","number","records"
"finance","summary","period","module","Module","text","records"
"finance","summary","period","status","Status","text","records"
"finance","summary","period","requirement_type","Requirement type","text","records"
"finance","summary","period","currency","Currency","text","records"
"finance","summary","period","records","Records","number","records"
"finance","summary","period","amount_minor","Recorded value","money","records"
"finance","metrics","mixed","metric","Metric key","text","records"
"finance","metrics","mixed","label","Metric","text","records"
"finance","metrics","mixed","value","Value","decimal","records"
"finance","metrics","mixed","format","Value format","text","records"
"finance","metrics","mixed","currency","Currency","text","records"
"finance","metrics","mixed","scope","Measurement scope","text","records"
"finance","metrics","mixed","definition","Calculation","text","records"
"finance","trend","period","month","Month","text","records"
"finance","trend","period","records","Records","number","records"
"finance","distribution","period","category","Category","text","records"
"finance","distribution","period","records","Records","number","records"
"finance","aging","current","bucket","Days overdue","text","records"
"finance","aging","current","currency","Currency","text","records"
"finance","aging","current","invoices","Invoices","number","records"
"finance","aging","current","outstanding_minor","Outstanding balance","money","records"
"compliance","summary","current","category","Document category","text","documents; organizations; settings; master_data; document_policies"
"compliance","summary","current","status","Review status","text","documents; organizations; settings; master_data; document_policies"
"compliance","summary","current","documents","Current documents","number","documents; organizations; settings; master_data; document_policies"
"compliance","metrics","mixed","metric","Metric key","text","documents; organizations; settings; master_data; document_policies"
"compliance","metrics","mixed","label","Metric","text","documents; organizations; settings; master_data; document_policies"
"compliance","metrics","mixed","value","Value","decimal","documents; organizations; settings; master_data; document_policies"
"compliance","metrics","mixed","format","Value format","text","documents; organizations; settings; master_data; document_policies"
"compliance","metrics","mixed","currency","Currency","text","documents; organizations; settings; master_data; document_policies"
"compliance","metrics","mixed","scope","Measurement scope","text","documents; organizations; settings; master_data; document_policies"
"compliance","metrics","mixed","definition","Calculation","text","documents; organizations; settings; master_data; document_policies"
"compliance","trend","period","month","Month","text","documents; organizations; settings; master_data; document_policies"
"compliance","trend","period","records","Records","number","documents; organizations; settings; master_data; document_policies"
"compliance","distribution","current","category","Category","text","documents; organizations; settings; master_data; document_policies"
"compliance","distribution","current","records","Records","number","documents; organizations; settings; master_data; document_policies"
"support","summary","period","status","Status","text","records; audit_logs"
"support","summary","period","category","Category","text","records; audit_logs"
"support","summary","period","priority","Priority","text","records; audit_logs"
"support","summary","period","assigned_team","Assigned team","text","records; audit_logs"
"support","summary","period","tickets","Tickets","number","records; audit_logs"
"support","metrics","mixed","metric","Metric key","text","records; audit_logs"
"support","metrics","mixed","label","Metric","text","records; audit_logs"
"support","metrics","mixed","value","Value","decimal","records; audit_logs"
"support","metrics","mixed","format","Value format","text","records; audit_logs"
"support","metrics","mixed","currency","Currency","text","records; audit_logs"
"support","metrics","mixed","scope","Measurement scope","text","records; audit_logs"
"support","metrics","mixed","definition","Calculation","text","records; audit_logs"
"support","trend","period","month","Month","text","records; audit_logs"
"support","trend","period","records","Records","number","records; audit_logs"
"support","distribution","period","category","Category","text","records; audit_logs"
"support","distribution","period","records","Records","number","records; audit_logs"